ID,AssetsID,monster_class,monsterLevel,Type,TwiceAction,BindType,Name,Desc,Location,Icon,BIG_Stama,BIG_Strength,BIG_Power,BIG_Speed,BIG_Magic,DefalutSkill,Race,RaceIcon,SkillNum,Fire,Water,Ground,Wind,Pet,PetProbability,ReformMonster,ReformItem,PT_Hp,PT_Mp,PT_Attack,PT_Defense,PT_Agile,PetQuality
1,6,asd(),1,1,1,BIT_Use,国宝,国宝,,xiongmaotouxiang,25,30,25,22,10,1:1;2:1,RT_Animal,cw_shuxing2,3,,6,4,,1,0,,,20,20,20,20,20,PE_None
2,2,asd(),1,1,2,BIT_Bag,牛头人,牛头人,,niutouguai,100,1,1,1,1,1:1;2:1;1091:4;1031:4;1061:4,RT_Human,cw_shuxing1,6,2,8,,,0,10,,,20,20,20,20,20,PE_None
3,3,asd(),1,1,1,BIT_Use,哥布林,哥布林,6|2,gebulin,27,27,27,17,7,1:1;2:1;4037:1,RT_Human,cw_shuxing1,3,,3,7,,1,7500,,,20,20,20,20,20,PE_None
4,4,asd(),1,1,1,BIT_Bag,软泥怪,软泥怪,2|2,ruanniguai,42,26,11,6,16,1:1;2:1;4009:1,RT_Extra,cw_shuxing9,6,,5,5,,0,10,,,20,20,20,20,20,PE_None
5,5,asd(),1,1,1,BIT_Use,树精,树精,30|2,shuguai,32,17,32,12,17,1:1;2:1,RT_Plant,cw_shuxing3,3,2,8,,,1,7500,20010,5147;5148;5149,20,20,20,20,20,PE_None
6,10,asd(),1,1,1,BIT_Bag,蝙蝠,蝙蝠,100|1,bianfu,11,26,16,31,21,1:1;2:1;4025:1,RT_Fly,cw_shuxing6,6,10,,,,0,10,,,20,20,20,20,20,PE_None
9,16,asd(),1,1,1,BIT_Use,初级僵尸,初级僵尸,,jiangshi,10,10,10,10,10,1:1;2:1,RT_Undead,cw_shuxing4,4,8,2,,,1,20000,,,20,20,20,20,20,PE_None
17,24,asd(),1,1,1,BIT_Use,海底龟,海底龟,6|1,haidigui,23,20,45,4,18,1:1;2:1,RT_Animal,cw_shuxing2,3,,8,2,,1,7500,,,20,20,20,20,20,PE_None
18,25,asd(),1,2,2,BIT_Bag,阴影,阴影,,yinying,48,24,22,32,24,1:1;2:1,RT_Undead,cw_shuxing4,6,,8,2,,0,0,,,20,20,20,20,20,PE_None
20,42,asd(),1,1,1,BIT_Bag,盗匪,盗匪,2|1,xiongmaotouxiang,27,27,27,17,7,1:1;2:1;4037:1,RT_Human,cw_shuxing1,6,,6,4,,0,10,,,20,20,20,20,20,PE_None
21,49,asd(),1,2,2,BIT_Bag,盗匪首领,盗匪首领,,xiongmaotouxiang,32,35,18,17,18,1:1;2:1;4029:1,RT_Human,cw_shuxing1,6,,6,4,,0,0,,,20,20,20,20,20,PE_None
24,19,asd(),1,2,2,BIT_Bag,捣蛋鬼,捣蛋鬼,,xiongmaotouxiang,32,35,18,17,18,1:1;2:1;1001:4,RT_Metal,cw_shuxing8,6,,6,4,,0,0,,,20,20,20,20,20,PE_None
26,123,asd(),1,1,1,BIT_Use,骷髅战士,骷髅战士,102|1,xiongmaotouxiang,12,27,42,12,17,1:1;2:1,RT_Undead,cw_shuxing4,6,,6,4,,1,500,,,20,20,20,20,20,PE_None
27,32,asd(),1,1,1,BIT_Use,大钳蟹,大钳蟹,30|3,pangxieguai,16,32,35,11,11,1:1;2:1;4037:1,RT_Animal,cw_shuxing2,6,,6,4,,1,500,,,20,20,20,20,20,PE_None
28,189,asd(),1,1,1,BIT_Use,毒蝎,毒蝎,3|1,pangxieguai,19,28,42,19,7,1:1;2:1;4009:1,RT_Insect,cw_shuxing7,4,,6,4,,1,4000,,,20,20,20,20,20,PE_None
29,115,asd(),1,2,2,BIT_Bag,炸弹魔,炸弹魔,,xiongmaotouxiang,16,14,14,17,39,1:1;2:1;2001:2;2031:2;1091:4;2061:2;2091:2;2211:4,RT_Metal,cw_shuxing8,6,,6,4,,0,0,,,20,20,20,20,20,PE_None
30,61,asd(),1,1,1,BIT_Use,食人魔,食人魔,101|3,xiongmaotouxiang,38,35,24,9,14,1:1;2:1;4005:1,RT_Human,cw_shuxing1,4,,6,4,,1,7500,,,20,20,20,20,20,PE_None
31,85,asd(),1,2,2,BIT_Bag,食人魔奥兹,食人魔奥兹,,xiongmaotouxiang,38,35,24,9,14,1:1;2:1;1051:6;1091:10,RT_Human,cw_shuxing1,6,,6,4,,0,0,,,20,20,20,20,20,PE_None
32,84,asd(),1,2,2,BIT_Bag,食人魔首领克洛,食人魔首领克洛,,xiongmaotouxiang,32,35,18,17,18,1:1;2:1;1011:4;1031:4;1021:4;2501:4;1091:4,RT_Human,cw_shuxing1,6,,6,4,,0,0,,,20,20,20,20,20,PE_None
33,173,asd(),1,1,1,BIT_Use,黑熊,黑熊,30|2,xiongmaotouxiang,34,34,19,19,14,1:1;2:1;4037:1,RT_Animal,cw_shuxing2,4,,6,4,,1,4000,,,20,20,20,20,20,PE_None
34,141,asd(),1,1,1,BIT_Use,吸血海蝙蝠,吸血海蝙蝠,6|1,bianfu,18,29,27,30,11,1:1;2:1;4025:1,RT_Fly,cw_shuxing6,6,,,10,,1,500,,,20,20,20,20,20,PE_None
35,68,asd(),1,2,2,BIT_Bag,海巨龙布鲁特韦姆,海巨龙布鲁特韦姆,,bianfu,18,18,32,17,35,1:1;2:1;2291:10;2081:4;2091:4;2101:4;2111:4;2121:10;2511:4;2501:4,RT_Dragon,cw_shuxing5,6,,,10,,0,0,,,20,20,20,20,20,PE_None
44,79,asd(),1,2,2,BIT_Bag,僵尸实验体,僵尸实验体,,xiongmaotouxiang,37,32,12,12,12,1:1;2:1;2121:4;2081:4;2461:1,RT_Undead,cw_shuxing4,6,,6,4,,0,0,,,20,20,20,20,20,PE_None
45,120,asd(),1,1,1,BIT_Use,水鬼草,水鬼草,6|3,yaocao,26,11,16,16,36,1:1;2:1;4057:1,RT_Plant,cw_shuxing3,3,8,2,,,1,7500,,,20,20,20,20,20,PE_None
46,87,asd(),1,2,2,BIT_Bag,恶魔食人花,恶魔食人花,,yaocao,44,21,14,12,29,1:1;2:1;2011:4;2081:4;2501:4;2361:4;2381:4,RT_Plant,cw_shuxing3,6,8,2,,,0,0,,,20,20,20,20,20,PE_None
48,175,asd(),1,2,1,BIT_Bag,巨熊,巨熊,,xiongmaotouxiang,36,33,22,18,11,1:1;2:1;1061:4;4004:4;1001:4;2501:4;4004:4,RT_Animal,cw_shuxing2,6,,6,4,,0,0,,,20,20,20,20,20,PE_None
49,177,asd(),1,1,1,BIT_Bag,贪食兽,贪食兽,30|6,xiongmaotouxiang,29,34,34,15,8,1:1;2:1,RT_Animal,cw_shuxing2,6,,6,4,,0,10,,,20,20,20,20,20,PE_None
50,76,asd(),1,2,2,BIT_Bag,巨人巴罗斯,巨人巴罗斯,,xiongmaotouxiang,38,35,24,9,14,1:1;2:1;1061:4;1031:4;1081:10;2381:4;1031:4;1021:4;2421:4,RT_Human,cw_shuxing1,6,,6,4,,0,0,,,20,20,20,20,20,PE_None
51,89,asd(),1,1,1,BIT_Use,泡沫软泥怪,泡沫软泥怪,30|6,ruanniguai,49,24,15,5,12,1:1;2:1;4089:1,RT_Extra,cw_shuxing9,3,5,,,5,1,7500,,,20,20,20,20,20,PE_None
52,203,asd(),1,2,2,BIT_Bag,刺客阿一,刺客阿一,,xiongmaotouxiang,32,35,18,17,18,1:1;2:1;1031:4;1051:4;2511:5;1011:4;4:1;5511:1,RT_Human,cw_shuxing1,6,,6,4,,0,0,,,20,20,20,20,20,PE_None
54,58,asd(),1,1,1,BIT_Use,毒蘑菇,毒蘑菇,103|1,xianrenzhang,37,12,12,17,37,1:1;2:1,RT_Plant,cw_shuxing3,3,8,2,,,1,7500,,,20,20,20,20,20,PE_None
55,80,asd(),1,1,1,BIT_Bag,行尸,行尸,103|2,jiangshi,39,32,14,8,17,1:1;2:1;4001:1,RT_Undead,cw_shuxing4,6,8,2,,,0,10,,,20,20,20,20,20,PE_None
57,83,asd(),1,2,2,BIT_Bag,食人魔法师波坎,食人魔法师波坎,,xiongmaotouxiang,18,17,18,32,35,1:1;2:1;2501:4;1021:4;1051:6;1061:4;2081:4;2091:4;2101:4;2111:4,RT_Human,cw_shuxing1,6,,6,4,,0,0,,,20,20,20,20,20,PE_None
58,112,asd(),1,1,1,BIT_Bag,鬼影,鬼影,103|3,yinying,25,23,23,23,26,1:1;2:1,RT_Undead,cw_shuxing4,6,8,2,,,0,0,,,20,20,20,20,20,PE_None
59,174,asd(),1,1,1,BIT_Use,怒熊,怒熊,103|3,xiongmaotouxiang,35,36,15,20,14,1:1;2:1,RT_Animal,cw_shuxing2,4,,6,4,,1,4000,,,20,20,20,20,20,PE_None
60,220,asd(),1,2,2,BIT_Bag,蜥蜴人扎戈,蜥蜴人扎戈,,xiongmaotouxiang,18,37,37,8,10,1:1;2:1;2501:4;2291:10;2101:4;2461:4;2441:4;2471:4;2451:4,RT_Human,cw_shuxing1,6,,6,4,,0,0,,,20,20,20,20,20,PE_None
61,20,asd(),1,1,1,BIT_Use,怪怪箱,怪怪箱,30|7,chunbai,11,26,26,11,31,1:1;2:1;4097:1,RT_Metal,cw_shuxing8,4,8,2,,,1,500,,,20,20,20,20,20,PE_None
62,192,asd(),1,1,1,BIT_Use,水精魂,水精魂,30|7,shuijing,25,25,25,25,25,1:1;2:1,RT_Extra,cw_shuxing9,6,,10,,,1,500,,,20,20,20,20,20,PE_None
63,129,asd(),1,2,2,BIT_Bag,白恶魔吉拉斯,白恶魔吉拉斯,,mifeng,32,40,18,26,9,1:1;2:1;2251:10;2261:10;2271:10;2281:10;2291:10;2111:7;2191:10,RT_Human,cw_shuxing1,6,8,2,,,0,0,,,20,20,20,20,20,PE_None
65,121,asd(),1,1,1,BIT_Use,臭臭花,臭臭花,6|2,kouchougui,38,23,16,15,23,1:1;2:1;4075:3,RT_Plant,cw_shuxing3,8,8,2,,,1,3000,,,20,20,20,20,20,PE_None
66,75,asd(),1,2,2,BIT_Bag,恶狼希斯,恶狼希斯,,xiongmaotouxiang,23,40,13,21,18,1:1;2:1;1041:7;1061:4;1091:7,RT_Animal,cw_shuxing2,6,,6,4,,0,0,,,20,20,20,20,20,PE_None
67,124,asd(),1,1,1,BIT_Use,水鬼,水鬼,6|4,xiongmaotouxiang,19,18,31,20,27,1:1;2:1,RT_Undead,cw_shuxing4,3,,6,4,,1,7500,,,20,20,20,20,20,PE_None
68,78,asd(),1,2,2,BIT_Bag,伦纳斯恶魔,伦纳斯恶魔,,xiongmaotouxiang,10,27,26,26,31,1:1;2:1,RT_Extra,cw_shuxing9,6,,6,4,,0,0,,,20,20,20,20,20,PE_None
69,220,asd(),1,2,1,BIT_Bag,蜥蜴人,蜥蜴人,,xiongmaotouxiang,20,31,30,15,14,1:1;2:1,RT_Human,cw_shuxing1,6,,6,4,,0,0,,,20,20,20,20,20,PE_None
70,133,asd(),1,2,2,BIT_Bag,魔像瓦特,魔像瓦特,,xiongmaotouxiang,32,40,18,17,18,1:1;2:1,RT_Extra,cw_shuxing9,6,,6,4,,0,0,,,20,20,20,20,20,PE_None
71,20,asd(),1,2,1,BIT_Bag,恐怖之箱巴奇亚,恐怖之箱巴奇亚,,xiongmaotouxiang,32,40,18,17,18,1:1;2:1,RT_Metal,cw_shuxing8,6,,6,4,,0,0,,,20,20,20,20,20,PE_None
72,126,asd(),1,2,1,BIT_Bag,骷髅勇士安德列斯,骷髅勇士安德列斯,,xiongmaotouxiang,32,40,18,17,18,1:1;2:1,RT_Undead,cw_shuxing4,6,,6,4,,0,0,,,20,20,20,20,20,PE_None
73,77,asd(),1,2,1,BIT_Bag,巨人安德罗,巨人安德罗,,xiongmaotouxiang,32,40,18,17,18,1:1;2:1,RT_Human,cw_shuxing1,6,,6,4,,0,0,,,20,20,20,20,20,PE_None
74,95,asd(),1,2,1,BIT_Bag,千年古树妖,千年古树妖,,xiongmaotouxiang,32,40,18,17,18,1:1;2:1,RT_Plant,cw_shuxing3,6,,6,4,,0,0,,,20,20,20,20,20,PE_None
75,26,asd(),1,2,1,BIT_Bag,火蝾螈莫莫古,火蝾螈莫莫古,,xiongmaotouxiang,32,40,18,17,18,1:1;2:1,RT_Animal,cw_shuxing2,6,,6,4,,0,0,,,20,20,20,20,20,PE_None
76,224,asd(),1,1,1,BIT_Bag,沙鹰刺客,沙鹰刺客,4|1,xiongmaotouxiang,32,40,18,17,18,1:1;2:1;4001:1,RT_Human,cw_shuxing1,6,,6,4,,0,10,,,20,20,20,20,20,PE_None
77,74,asd(),1,1,1,BIT_Use,沙狼,沙狼,4|1,xiongmaotouxiang,22,37,11,25,20,1:1;2:1;4005:1,RT_Animal,cw_shuxing2,6,,6,4,,1,500,,,20,20,20,20,20,PE_None
78,202,asd(),1,2,2,BIT_Bag,沙鹰刺客大师罗塞尔,沙鹰刺客大师罗塞尔,,xiongmaotouxiang,32,40,18,17,18,1:1;2:1;1001:4;1031:4;1061:4,RT_Human,cw_shuxing1,6,,6,4,,0,0,,,20,20,20,20,20,PE_None
79,86,asd(),1,1,1,BIT_Bag,食人花,食人花,4|2,yaocao,20,28,30,17,30,1:1;2:1;2011:4;2081:4;2501:4;2361:4;2381:4,RT_Plant,cw_shuxing3,6,8,2,,,0,10,,,20,20,20,20,20,PE_None
80,164,asd(),1,1,1,BIT_Bag,奥梅亚斯斥候,奥梅亚斯斥候,4|3,xiongmaotouxiang,32,40,18,17,18,1:1;2:1,RT_Human,cw_shuxing1,6,,6,4,,0,10,,,20,20,20,20,20,PE_None
81,132,asd(),1,2,2,BIT_Bag,变色龙罗迪,变色龙罗迪,,xiongmaotouxiang,32,40,18,17,18,1:1;2:1;1031:4;1061:4;1091:4,RT_Human,cw_shuxing1,6,,6,4,,0,0,,,20,20,20,20,20,PE_None
82,165,asd(),1,1,1,BIT_Bag,异教徒,异教徒,104|1,daozei,23,28,21,32,12,1:1;2:1;1001:1,RT_Human,cw_shuxing1,6,5,,,5,0,10,,,20,20,20,20,20,PE_None
83,194,asd(),1,1,1,BIT_Bag,异教长老,异教长老,104|2,yinying,32,40,18,17,18,1:1;2:1,RT_Human,cw_shuxing1,6,8,2,,,0,10,,,20,20,20,20,20,PE_None
84,50,asd(),1,2,2,BIT_Bag,惰魔,惰魔,,emo,10,27,26,26,31,1:1;2:1;2411:4;2461:4;2471:4;2501:4;5502:1;5505:1,RT_Extra,cw_shuxing9,6,1,,,9,0,0,,,20,20,20,20,20,PE_None
85,185,asd(),1,1,1,BIT_Bag,异教之火,异教之火,104|2,xiongmaotouxiang,33,35,14,22,16,1:1;2:1,RT_Extra,cw_shuxing9,6,,6,4,,0,10,,,20,20,20,20,20,PE_None
86,247,asd(),1,2,2,BIT_Bag,巫妖克佳苏尔德,巫妖克佳苏尔德,,yinying,32,40,18,17,18,1:1;2:1;2121:6;2501:6;2421:6;2251:7;2271:7;2281:7;2291:7;2261:7;1091:6;5506:1,RT_Undead,cw_shuxing4,6,8,2,,,0,0,,,20,20,20,20,20,PE_None
87,188,asd(),1,2,2,BIT_Bag,蝎子王阿克苏,蝎子王阿克苏,,pangxieguai,6,13,20,26,35,1:1;2:1;1001:6;1061:6;1031:6;4020:4,RT_Extra,cw_shuxing9,6,,6,4,,0,0,,,20,20,20,20,20,PE_None
88,111,asd(),1,2,2,BIT_Bag,巨型死亡蠕虫,巨型死亡蠕虫,,pangxieguai,4,8,18,33,37,1:1;2:1;1041:10;2501:7;1061:7,RT_Animal,cw_shuxing2,6,,6,4,,0,0,,,20,20,20,20,20,PE_None
89,88,asd(),1,2,2,BIT_Bag,沙漠吞噬花,沙漠吞噬花,,yaocao,7,12,15,34,32,1:1;2:1;2031:7;2081:7;2091:7;2101:7;2111:7,RT_Plant,cw_shuxing3,6,8,2,,,0,0,,,20,20,20,20,20,PE_None
90,290,asd(),1,2,2,BIT_Bag,沙漠恶匪巴托,沙漠恶匪巴托,,xiongmaotouxiang,7,7,22,27,37,1:1;2:1;1001:7;1051:7;1031:7;1061:7;1021:7,RT_Human,cw_shuxing1,6,,6,4,,0,0,,,20,20,20,20,20,PE_None
91,220,asd(),1,2,2,BIT_Bag,蜥蜴人莫洛,蜥蜴人莫洛,,xiongmaotouxiang,11,15,28,28,33,1:1;2:1;4004:4;1091:4;4020:4;4016:4;4012:4;4008:4;1081:10,RT_Human,cw_shuxing1,6,,6,4,,0,0,,,20,20,20,20,20,PE_None
92,109,asd(),1,1,1,BIT_Bag,刺球,刺球,206|1,kouchougui,15,7,19,32,42,1:1;2:1,RT_Plant,cw_shuxing3,6,8,2,,,0,10,,,20,20,20,20,20,PE_None
93,98,asd(),1,2,2,BIT_Bag,沙漠巨蜥,沙漠巨蜥,,xiongmaotouxiang,26,36,12,23,18,1:1;2:1;1001:7;1021:7;1061:7;1091:7;2361:7,RT_Animal,cw_shuxing2,6,,6,4,,0,0,,,20,20,20,20,20,PE_None
94,135,asd(),1,2,2,BIT_Bag,石魔像克鲁特,石魔像克鲁特,,xiongmaotouxiang,22,37,11,25,20,1:1;2:1;1001:7;1011:7;1061:7;4004:4;2411:7;5504:1,RT_Extra,cw_shuxing9,6,,6,4,,0,0,,,20,20,20,20,20,PE_None
95,43,asd(),1,2,2,BIT_Bag,沙巨龙奥马尔吉特,沙巨龙奥马尔吉特,,bianfu,24,35,19,22,15,1:1;2:1;1051:7;4004:4;1011:7;1021:7;1001:7;2361:7,RT_Dragon,cw_shuxing5,6,,,10,,0,0,,,20,20,20,20,20,PE_None
96,221,asd(),1,2,2,BIT_Bag,蜥蜴人之王康诺,蜥蜴人之王康诺,,xiongmaotouxiang,23,40,13,21,18,1:1;2:1;1061:7;1011:7;1021:7;2361:7,RT_Human,cw_shuxing1,6,,6,4,,0,0,,,20,20,20,20,20,PE_None
97,2,asd(),1,2,2,BIT_Bag,牛头人,牛头人,,niutouguai,37,32,12,12,12,1:1;2:1;1091:4;1031:4;1061:4,RT_Human,cw_shuxing1,6,2,8,,,0,0,,,20,20,20,20,20,PE_None
98,153,asd(),1,2,1,BIT_Bag,雪域妖魔,雪域妖魔,,xiongmaotouxiang,35,34,7,15,14,1:1;2:1,RT_Animal,cw_shuxing2,6,,6,4,,0,0,,,20,20,20,20,20,PE_None
99,130,asd(),1,2,1,BIT_Bag,红恶魔萨鲁,红恶魔萨鲁,,xiongmaotouxiang,32,32,17,7,17,1:1;2:1,RT_Extra,cw_shuxing9,6,,6,4,,0,0,,,20,20,20,20,20,PE_None
100,162,asd(),1,2,1,BIT_Bag,盗王之王卡特,盗王之王卡特,,xiongmaotouxiang,42,37,12,7,7,1:1;2:1,RT_Human,cw_shuxing1,6,,6,4,,0,0,,,20,20,20,20,20,PE_None
101,71,asd(),1,2,1,BIT_Bag,远古黑龙王克格尔斯托,远古黑龙王克格尔斯托,,xiongmaotouxiang,39,32,14,8,17,1:1;2:1,RT_Dragon,cw_shuxing5,6,,6,4,,0,0,,,20,20,20,20,20,PE_None
102,133,asd(),1,2,1,BIT_Bag,魔像巴鲁比,魔像巴鲁比,,xiongmaotouxiang,12,27,42,12,17,1:1;2:1,RT_Extra,cw_shuxing9,6,,6,4,,0,0,,,20,20,20,20,20,PE_None
103,175,asd(),1,2,1,BIT_Bag,死亡恶熊西路,死亡恶熊西路,,xiongmaotouxiang,22,23,10,25,25,1:1;2:1,RT_Animal,cw_shuxing2,6,,6,4,,0,0,,,20,20,20,20,20,PE_None
104,126,asd(),1,2,1,BIT_Bag,骷髅王克莱伯,骷髅王克莱伯,,xiongmaotouxiang,21,20,9,25,30,1:1;2:1,RT_Undead,cw_shuxing4,6,,6,4,,0,0,,,20,20,20,20,20,PE_None
105,6,asd(),1,2,2,BIT_Bag,大猫熊鲁特,大猫熊鲁特,,xiongmaotouxiang,23,19,10,24,29,1:1;2:1;1001:10;1051:10;4020:4;2501:10;5507:1,RT_Animal,cw_shuxing2,6,,6,4,,0,0,,,20,20,20,20,20,PE_None
106,227,asd(),1,1,1,BIT_Bag,黑暗军团士兵,黑暗军团士兵,5|3,xiongmaotouxiang,17,27,12,42,42,1:1;2:1;2011:10;2161:10,RT_Human,cw_shuxing1,6,,6,4,,0,10,,,20,20,20,20,20,PE_None
107,131,asd(),1,2,2,BIT_Bag,军阀皮尼斯,军阀皮尼斯,,xiongmaotouxiang,14,30,32,22,22,1:1;2:1;1001:10;2501:10;1011:10,RT_Human,cw_shuxing1,6,,6,4,,0,0,,,20,20,20,20,20,PE_None
108,153,asd(),1,2,2,BIT_Bag,千年雪妖,千年雪妖,,xiongmaotouxiang,13,31,26,25,25,1:1;2:1;2091:10;2011:10;2231:10;2261:10;2471:10;2451:10;5503:1,RT_Animal,cw_shuxing2,6,,6,4,,0,0,,,20,20,20,20,20,PE_None
109,70,asd(),1,2,2,BIT_Bag,银龙艾薇达,银龙艾薇达,,xiongmaotouxiang,11,28,28,27,26,1:1;2:1;2281:10;2251:10;2291:10;1061:10;1001:10,RT_Dragon,cw_shuxing5,6,,6,4,,0,0,,,20,20,20,20,20,PE_None
110,75,asd(),1,1,1,BIT_Bag,雪狼,雪狼,5|11,xiongmaotouxiang,10,27,26,26,31,1:1;2:1;2011:10;2171:10,RT_Animal,cw_shuxing2,6,,6,4,,0,10,,,20,20,20,20,20,PE_None
111,73,asd(),1,2,2,BIT_Bag,冰狼加内特,冰狼加内特,,xiongmaotouxiang,11,26,16,31,21,1:1;2:1;2091:10;2051:10;2121:10;5503:1;1001:10;1021:10,RT_Animal,cw_shuxing2,6,,6,4,,0,0,,,20,20,20,20,20,PE_None
112,78,asd(),1,2,2,BIT_Bag,恶魔使徒洛尔丹,恶魔使徒洛尔丹,,emo,13,28,12,29,18,1:1;2:1;2441:10;2461:1;2481:10;2291:10;2111:10;2411:10;2361:10;5508:1,RT_Extra,cw_shuxing9,6,1,,,9,0,0,,,20,20,20,20,20,PE_None
113,96,asd(),1,2,2,BIT_Bag,千年冰晶树魔,千年冰晶树魔,,xiongmaotouxiang,11,26,20,27,16,1:1;2:1;1051:10;2091:10;2231:10,RT_Plant,cw_shuxing3,6,,6,4,,0,0,,,20,20,20,20,20,PE_None
114,196,asd(),1,2,2,BIT_Bag,死灵法师科托,死灵法师科托,,xiongmaotouxiang,32,40,18,17,18,1:1;2:1;1061:10;5500:1;1081:10;2501:10;2091:10;2111:10;2411:10;5509:1,RT_Human,cw_shuxing1,6,,6,4,,0,0,,,20,20,20,20,20,PE_None
115,200,asd(),1,2,2,BIT_Bag,黑暗魔君巴里克,黑暗魔君巴里克,,xiongmaotouxiang,32,40,18,17,18,1:1;2:1;1061:10;1001:10;1011:10;2501:10;2291:10;2121:10;5500:1;5510:1,RT_Human,cw_shuxing1,6,,6,4,,0,0,,,20,20,20,20,20,PE_None
116,203,asd(),1,2,1,BIT_Bag,刺客阿一,刺客阿一,,xiongmaotouxiang,32,35,18,17,18,1:1;2:1;1031:4;1051:4;2511:4;2501:4;1011:4;4:1,RT_Human,cw_shuxing1,6,,6,4,,0,0,,,20,20,20,20,20,PE_None
901,32,asd(),1,1,1,BIT_Bag,木桩,木桩,,pangxieguai,0,0,0,0,0,1:1;2:1,RT_Animal,cw_shuxing2,6,,,5,5,0,10,,,0,0,0,0,0,PE_None
902,32,asd(),1,1,1,BIT_Bag,一万魔,一万魔,,pangxieguai,32,40,18,17,18,1:1;2:1,RT_Animal,cw_shuxing2,6,,,5,5,0,10,,,20,20,20,20,20,PE_None
903,19,asd(),1,2,1,BIT_Bag,五千攻击,五千攻击,,xiongmaotouxiang,32,40,18,17,18,1:1;2:1,RT_Animal,cw_shuxing2,6,,,5,5,0,0,,,20,20,20,20,20,PE_None
904,6,asd(),1,1,1,BIT_Bag,五千防御,五千防御,,xiongmaotouxiang,32,40,18,17,18,1:1;2:1,RT_Animal,cw_shuxing2,6,,,5,5,0,10,,,20,20,20,20,20,PE_None
905,18,asd(),1,2,1,BIT_Bag,五千敏,五千敏,,xiongmaotouxiang,32,40,18,17,18,1:1;2:1,RT_Animal,cw_shuxing2,6,,,5,5,0,0,,,20,20,20,20,20,PE_None
906,30,asd(),1,2,1,BIT_Bag,五千精神,五千精神,,xiongmaotouxiang,32,40,18,17,18,1:1;2:1,RT_Animal,cw_shuxing2,6,,,5,5,0,0,,,20,20,20,20,20,PE_None
907,30,asd(),1,1,1,BIT_Bag,五千回复,五千回复,,xiongmaotouxiang,32,40,18,17,18,1:1;2:1,RT_Animal,cw_shuxing2,6,,,5,5,0,10,,,20,20,20,20,20,PE_None
908,10,asd(),1,1,1,BIT_Bag,魔攻5000,魔攻5000,,bianfu,32,40,18,17,18,1:1;2:1,RT_Animal,cw_shuxing2,6,,,5,5,0,10,,,20,20,20,20,20,PE_None
909,6,asd(),1,2,1,BIT_Bag,抗魔5000,抗魔5000,,bianfu,32,40,18,17,18,1:1;2:1,RT_Animal,cw_shuxing2,6,,,5,5,0,0,,,20,20,20,20,20,PE_None
910,16,asd(),1,2,1,BIT_Bag,命中5000,命中5000,,xiongmaotouxiang,32,40,18,17,18,1:1;2:1,RT_Animal,cw_shuxing2,6,,,5,5,0,0,,,20,20,20,20,20,PE_None
911,15,asd(),1,1,1,BIT_Bag,闪躲5000,闪躲5000,,yaocao,32,40,18,17,18,1:1;2:1,RT_Insect,cw_shuxing7,6,,,5,5,0,10,,,20,20,20,20,20,PE_None
912,15,asd(),1,2,1,BIT_Bag,必杀5000,必杀5000,,yaocao,32,40,18,17,18,1:1;2:1,RT_Insect,cw_shuxing7,6,,,5,5,0,0,,,20,20,20,20,20,PE_None
913,30,asd(),1,2,1,BIT_Bag,反击5000,反击5000,,xiongmaotouxiang,32,40,18,17,18,1:1;2:1,RT_Animal,cw_shuxing2,6,,,5,5,0,0,,,20,20,20,20,20,PE_None
914,31,asd(),1,1,1,BIT_Bag,抗昏睡10000,抗昏睡10000,,xiongmaotouxiang,32,40,18,17,18,1:1;2:1,RT_Animal,cw_shuxing2,6,,,5,5,0,10,,,20,20,20,20,20,PE_None
915,30,asd(),1,2,1,BIT_Bag,抗石化10000,抗石化10000,,xiongmaotouxiang,32,40,18,17,18,1:1;2:1,RT_Animal,cw_shuxing2,6,,,5,5,0,0,,,20,20,20,20,20,PE_None
916,4,asd(),1,1,1,BIT_Bag,抗酒醉9999,抗酒醉9999,,ruanniguai,32,40,18,17,18,1:1;2:1,RT_Extra,cw_shuxing9,6,,,5,5,0,10,,,20,20,20,20,20,PE_None
917,18,asd(),1,2,1,BIT_Bag,抗混乱9999,抗混乱9999,,xiongmaotouxiang,32,40,18,17,18,1:1;2:1,RT_Animal,cw_shuxing2,6,,,5,5,0,0,,,20,20,20,20,20,PE_None
918,17,asd(),1,1,1,BIT_Bag,抗遗忘9999,抗遗忘9999,,xianrenzhang,32,40,18,17,18,1:1;2:1,RT_Insect,cw_shuxing7,6,,,5,5,0,10,,,20,20,20,20,20,PE_None
919,16,asd(),1,1,1,BIT_Bag,抗毒9999,抗毒9999,,jiangshi,32,40,18,17,18,1:1;2:1,RT_Insect,cw_shuxing7,6,,,5,5,0,10,,,20,20,20,20,20,PE_None
920,30,asd(),1,2,1,BIT_Bag,抗暗杀9999,抗暗杀9999,,xiongmaotouxiang,32,40,18,17,18,1:1;2:1,RT_Animal,cw_shuxing2,6,,,5,5,0,0,,,20,20,20,20,20,PE_None
1000,11,asd(),1,1,1,BIT_Use,蜜蜂,蜜蜂,30|4,mifeng,32,40,18,5,30,1:1;2:1,RT_Insect,cw_shuxing7,4,8,2,,,1,1000,,,20,20,20,20,20,PE_None
1010,129,asd(),1,1,1,BIT_Bag,魔族,骑士,,mifeng,32,40,18,5,30,1:1;2:1;3:1;5:1;12:1;1021:1;2511:1;9001:1;9002:1;9003:1;9004:1;9005:1;9006:1;9007:1;9008:1;9009:1;9010:1;9011:1;9012:1;9013:1;9014:1;9015:1;9016:1;9017:1;9018:1;9019:1;9020:1;9021:1;9022:1,RT_Human,cw_shuxing1,6,8,2,,,0,10,,,20,20,20,20,20,PE_None
1020,130,asd(),1,1,1,BIT_Bag,魔族,格斗,,mifeng,32,40,18,0,35,1:1;2:1;3:1;5:1;12:1;1021:1;2511:1;9001:1;9002:1;9003:1;9004:1;9005:1;9006:1;9007:1;9008:1;9009:1;9010:1;9011:1;9012:1;9013:1;9014:1;9015:1;9016:1;9017:1;9018:1;9019:1;9020:1;9021:1;9022:1,RT_Human,cw_shuxing1,6,8,2,,,0,10,,,20,20,20,20,20,PE_None
1030,131,asd(),1,1,1,BIT_Bag,魔族,牧师,,mifeng,32,40,18,10,25,1:1;2:1;3:1;5:1;12:1;1021:1;2511:1;9001:1;9002:1;9003:1;9004:1;9005:1;9006:1;9007:1;9008:1;9009:1;9010:1;9011:1;9012:1;9013:1;9014:1;9015:1;9016:1;9017:1;9018:1;9019:1;9020:1;9021:1;9022:1,RT_Human,cw_shuxing1,6,8,2,,,0,10,,,20,20,20,20,20,PE_None
1040,356,asd(),1,1,1,BIT_Bag,牧师,牧师,,mifeng,32,40,18,10,25,1:1;2:1;3:1;5:1;12:1;1021:1;2511:1;9001:1;9002:1;9003:1;9004:1;9005:1;9006:1;9007:1;9008:1;9009:1;9010:1;9011:1;9012:1;9013:1;9014:1;9015:1;9016:1;9017:1;9018:1;9019:1;9020:1;9021:1;9022:1,RT_Human,cw_shuxing1,6,8,2,,,0,10,,,20,20,20,20,20,PE_None
1050,372,asd(),1,2,2,BIT_Bag,漆黑之影,忍者,,mifeng,40,40,40,40,40,1:1;2:1;3:1;5:1;12:1;1021:1;2511:1;9001:1;9002:1;9003:1;9004:1;9005:1;9006:1;9007:1;9008:1;9009:1;9010:1;9011:1;9012:1;9013:1;9014:1;9015:1;9016:1;9017:1;9018:1;9019:1;9020:1;9021:1;9022:1,RT_Human,cw_shuxing1,6,8,2,,,0,10,,,20,20,20,20,20,PE_None
1060,358,asd(),1,1,1,BIT_Bag,法师,法师,,mifeng,32,40,18,25,10,1:1;2:1;3:1;5:1;12:1;1021:1;2511:1;9001:1;9002:1;9003:1;9004:1;9005:1;9006:1;9007:1;9008:1;9009:1;9010:1;9011:1;9012:1;9013:1;9014:1;9015:1;9016:1;9017:1;9018:1;9019:1;9020:1;9021:1;9022:1,RT_Human,cw_shuxing1,6,8,2,,,0,10,,,20,20,20,20,20,PE_None
1070,359,asd(),1,1,1,BIT_Bag,猎人,猎人,,mifeng,32,40,18,30,5,1:1;2:1;3:1;5:1;12:1;1021:1;2511:1;9001:1;9002:1;9003:1;9004:1;9005:1;9006:1;9007:1;9008:1;9009:1;9010:1;9011:1;9012:1;9013:1;9014:1;9015:1;9016:1;9017:1;9018:1;9019:1;9020:1;9021:1;9022:1,RT_Human,cw_shuxing1,6,8,2,,,0,10,,,20,20,20,20,20,PE_None
1080,361,asd(),1,1,1,BIT_Bag,佣兵,佣兵,,mifeng,32,40,18,26,9,1:1;2:1;3:1;5:1;12:1;1021:1;2511:1;9001:1;9002:1;9003:1;9004:1;9005:1;9006:1;9007:1;9008:1;9009:1;9010:1;9011:1;9012:1;9013:1;9014:1;9015:1;9016:1;9017:1;9018:1;9019:1;9020:1;9021:1;9022:1,RT_Human,cw_shuxing1,6,8,2,,,0,10,,,20,20,20,20,20,PE_None
1090,132,asd(),1,1,1,BIT_Bag,魔族,刺客,,mifeng,32,40,18,17,18,1:1;2:1;3:1;5:1;12:1;1021:1;2511:1;9001:1;9002:1;9003:1;9004:1;9005:1;9006:1;9007:1;9008:1;9009:1;9010:1;9011:1;9012:1;9013:1;9014:1;9015:1;9016:1;9017:1;9018:1;9019:1;9020:1;9021:1;9022:1,RT_Human,cw_shuxing1,6,8,2,,,0,10,,,20,20,20,20,20,PE_None
2010,108,asd(),1,2,1,BIT_Bag,辛克亚,逃兵 辛克亚,,xiongmaotouxiang,32,40,18,17,18,1:1;2:1;1061:4;1001:4;1011:4,RT_Human,cw_shuxing1,6,,6,4,,0,0,,,20,20,20,20,20,PE_None
2011,210,asd(),1,2,1,BIT_Bag,佣兵女神 苏娜,佣兵女神 苏娜,,xiongmaotouxiang,32,40,18,17,18,1:1;2:1;1061:4;4008:4;1081:4,RT_Human,cw_shuxing1,6,,6,4,,0,0,,,20,20,20,20,20,PE_None
2012,256,asd(),1,2,1,BIT_Bag,女武神 吉娜,女武神 吉娜,,xiongmaotouxiang,32,40,18,17,18,1:1;2:1;1051:4,RT_Human,cw_shuxing1,6,,6,4,,0,0,,,20,20,20,20,20,PE_None
2013,206,asd(),1,2,1,BIT_Bag,阿巴斯,幽火 阿巴斯,,xiongmaotouxiang,32,40,18,17,18,1:1;2:1;2021:4;2071:4;2121:4,RT_Human,cw_shuxing1,6,,6,4,,0,0,,,20,20,20,20,20,PE_None
2014,208,asd(),1,2,1,BIT_Bag,鹰眼 格隆,鹰眼 格隆,,xiongmaotouxiang,32,40,18,17,18,10:1;1041:4,RT_Human,cw_shuxing1,6,,6,4,,0,0,,,20,20,20,20,20,PE_None
2015,199,asd(),1,2,1,BIT_Bag,伯纳德,冥王 伯纳德,,xiongmaotouxiang,32,40,18,17,18,1:1;2:1;2361:4;2371:4;2381:4,RT_Human,cw_shuxing1,6,,6,4,,0,0,,,20,20,20,20,20,PE_None
2016,283,asd(),1,2,1,BIT_Bag,咒术女王 摩拉,咒术女王 摩拉,,xiongmaotouxiang,32,40,18,17,18,1:1;2:1;2271:4;2141:4;2231:4;2251:4,RT_Human,cw_shuxing1,6,,6,4,,0,0,,,20,20,20,20,20,PE_None
2017,209,asd(),1,2,1,BIT_Bag,阿卡丽,神箭手 阿卡丽,,xiongmaotouxiang,32,40,18,17,18,10:1;1041:4,RT_Human,cw_shuxing1,6,,6,4,,0,0,,,20,20,20,20,20,PE_None
2018,201,asd(),1,2,1,BIT_Bag,骑士费伦公爵,至尊骑士费伦公爵,,xiongmaotouxiang,32,40,18,17,18,1:1;2:1;2501:5;1021:5;1011:5,RT_Human,cw_shuxing1,6,,6,4,,0,0,,,20,20,20,20,20,PE_None
2019,203,asd(),1,2,1,BIT_Bag,玛娜,剑神 玛娜,,xiongmaotouxiang,32,40,18,17,18,1:1;2:1;1061:5;1001:5;2501:5,RT_Human,cw_shuxing1,6,,6,4,,0,0,,,20,20,20,20,20,PE_None
2020,202,asd(),1,2,1,BIT_Bag,剑圣 乔克,剑圣 乔克,,xiongmaotouxiang,32,40,18,17,18,1:1;2:1;1011:6;1061:6,RT_Human,cw_shuxing1,6,,6,4,,0,0,,,20,20,20,20,20,PE_None
2021,204,asd(),1,2,1,BIT_Bag,巴特门迪,暗火 巴特门迪,,xiongmaotouxiang,32,40,18,17,18,1:1;2:1;2261:7;2191:7;2151:7;2291:7,RT_Human,cw_shuxing1,6,,6,4,,0,0,,,20,20,20,20,20,PE_None
2022,198,asd(),1,2,1,BIT_Bag,光使徒 艾莉,光使徒 艾莉,,xiongmaotouxiang,32,40,18,17,18,1:1;2:1;2361:7;2371:7;2381:7;2461:2;2471:2,RT_Human,cw_shuxing1,6,,6,4,,0,0,,,20,20,20,20,20,PE_None
2023,104,asd(),1,2,1,BIT_Bag,奎托斯,战神 奎托斯,,xiongmaotouxiang,32,40,18,17,18,1:1;2:1;1051:7,RT_Human,cw_shuxing1,6,,6,4,,0,0,,,20,20,20,20,20,PE_None
2024,207,asd(),1,2,1,BIT_Bag,奥术玫瑰 卡娜,奥术玫瑰 卡娜,,xiongmaotouxiang,32,40,18,17,18,1:1;2:1;2111:7;2091:7,RT_Human,cw_shuxing1,6,,6,4,,0,0,,,20,20,20,20,20,PE_None
2025,200,asd(),1,2,1,BIT_Bag,安娜侯爵,玫瑰骑士安娜侯爵,,xiongmaotouxiang,32,40,18,17,18,1:1;2:1;1061:7;2501:7;1011:7,RT_Human,cw_shuxing1,6,,6,4,,0,0,,,20,20,20,20,20,PE_None
2026,211,asd(),1,2,1,BIT_Bag,阿拉贡,清道夫 阿拉贡,,xiongmaotouxiang,32,40,18,17,18,1:1;2:1;1061:10;1081:10,RT_Human,cw_shuxing1,6,,6,4,,0,0,,,20,20,20,20,20,PE_None
2027,203,asd(),1,2,1,BIT_Bag,西雅,猎杀者 西雅,,xiongmaotouxiang,32,40,18,17,18,1:1;2:1;2511:10,RT_Human,cw_shuxing1,6,,6,4,,0,0,,,20,20,20,20,20,PE_None
2028,67,asd(),1,2,1,BIT_Bag,刺客之王 艾奥,刺客之王 艾奥,,xiongmaotouxiang,32,40,18,17,18,1:1;2:1;2511:10,RT_Human,cw_shuxing1,6,,6,4,,0,0,,,20,20,20,20,20,PE_None
2029,213,asd(),1,2,1,BIT_Bag,汉克斯,巫王 汉克斯,,xiongmaotouxiang,32,40,18,17,18,1:1;2:1;2431:10;2401:10;2411:10;2481:10;2491:10,RT_Human,cw_shuxing1,6,,6,4,,0,0,,,20,20,20,20,20,PE_None
2030,212,asd(),1,2,1,BIT_Bag,猩红女巫 梅丽,猩红女巫 梅丽,,xiongmaotouxiang,32,40,18,17,18,1:1;2:1;2361:10;2371:10;2381:10;2441:2;2451:2,RT_Human,cw_shuxing1,6,,6,4,,0,0,,,20,20,20,20,20,PE_None
2031,361,asd(),1,2,1,BIT_Bag,战斧师范,阿斯卡,,xiongmaotouxiang,32,40,18,17,18,1061:10;1081:10;1011:10;8:1,RT_Human,cw_shuxing1,6,,6,4,,0,0,,,20,20,20,20,20,PE_None
2032,362,asd(),1,2,1,BIT_Bag,剑士师范,伊露丽,,xiongmaotouxiang,32,40,18,17,18,1061:10;1081:10;1001:10;2501:10;8:1,RT_Human,cw_shuxing1,6,,6,4,,0,0,,,20,20,20,20,20,PE_None
2033,363,asd(),1,2,1,BIT_Bag,骑士师范,爱尔芙,,xiongmaotouxiang,32,40,18,17,18,1021:10;1011:10;1061:10;2501:10;8:1,RT_Human,cw_shuxing1,6,,6,4,,0,0,,,20,20,20,20,20,PE_None
2034,359,asd(),1,2,1,BIT_Bag,猎人师范,艾斯特斯,,xiongmaotouxiang,32,40,18,17,18,1041:10;10:1,RT_Human,cw_shuxing1,6,,6,4,,0,0,,,20,20,20,20,20,PE_None
2035,360,asd(),1,2,1,BIT_Bag,武僧师范,埃尔刚,,xiongmaotouxiang,32,40,18,17,18,1051:10;1:1,RT_Human,cw_shuxing1,6,,6,4,,0,0,,,20,20,20,20,20,PE_None
2036,364,asd(),1,2,1,BIT_Bag,影,普鲁特,,xiongmaotouxiang,32,40,18,17,18,2511:10;8:1,RT_Human,cw_shuxing1,6,,6,4,,0,0,,,20,20,20,20,20,PE_None
2037,358,asd(),1,2,1,BIT_Bag,魔导士,阿尔温,,xiongmaotouxiang,32,40,18,17,18,2121:10;2111:10;2071:10;2021:10;8:1,RT_Human,cw_shuxing1,6,,6,4,,0,0,,,20,20,20,20,20,PE_None
2038,356,asd(),1,2,1,BIT_Bag,主教,埃尔夫,,xiongmaotouxiang,32,40,18,17,18,2361:10;2371:10;2381:10;2081:4;8:1,RT_Human,cw_shuxing1,6,,6,4,,0,0,,,20,20,20,20,20,PE_None
2039,365,asd(),1,2,1,BIT_Bag,巫术大师,哲,,xiongmaotouxiang,32,40,18,17,18,2121:10;2361:10;2371:10;2381:10;2171:10;2471:10;2461:10;8:1,RT_Human,cw_shuxing1,6,,6,4,,0,0,,,20,20,20,20,20,PE_None
2040,357,asd(),1,2,1,BIT_Bag,降头师,爱尔琳妮,,xiongmaotouxiang,32,40,18,17,18,2121:10;2271:10;2291:10;2171:10;2461:10;8:1,RT_Human,cw_shuxing1,6,,6,4,,0,0,,,20,20,20,20,20,PE_None
10000,24,asd(),1,1,1,BIT_Bag,海底龟,海底龟,6|1,haidigui,23,20,45,4,18,1:1;2:1,RT_Animal,cw_shuxing2,6,,5,5,,0,10,,,20,20,20,20,20,PE_None
10001,171,asd(),1,1,1,BIT_Use,烈焰龟,烈焰龟,,huoyangui,27,17,42,7,17,1:1;2:1;4001:1,RT_Animal,cw_shuxing2,6,5,5,,,1,500,,,20,20,20,20,20,PE_None
10002,170,asd(),1,1,1,BIT_Use,坚甲龟,坚甲龟,107|1,yingkegui,26,16,47,5,16,1:1;2:1;4113:1,RT_Animal,cw_shuxing2,4,5,,,5,1,7500,,,20,20,20,20,20,PE_None
10003,150,asd(),1,1,1,BIT_Use,虎人,虎人,108|1,huren,22,26,17,19,16,1:1;2:1;4081:1;4105:1,RT_Animal,cw_shuxing2,3,,,3,7,1,7500,,,20,20,20,20,20,PE_None
10004,154,asd(),1,1,1,BIT_Use,猫妖,猫妖,,maoyao,19,24,17,28,17,1:1;2:1;4057:1;4097:1,RT_Animal,cw_shuxing2,6,3,7,,,1,500,,,20,20,20,20,20,PE_None
10005,151,asd(),1,1,1,BIT_Use,罗刹鬼,罗刹鬼,,luosha,24,25,14,22,20,1:1;2:1;4065:1;4097:1,RT_Animal,cw_shuxing2,4,7,3,,,1,4000,,,20,20,20,20,20,PE_None
10006,41,asd(),1,1,1,BIT_Use,猫人,猫人,40|10,maoren,23,27,15,26,14,1:1;2:1,RT_Animal,cw_shuxing2,3,,,5,5,1,7500,,,20,20,20,20,20,PE_None
10007,152,asd(),1,1,1,BIT_Use,地狱魔猫,地狱魔猫,,emomao,21,23,12,27,22,1:1;2:1;4083:3,RT_Animal,cw_shuxing2,8,,,7,3,1,3000,,,20,20,20,20,20,PE_None
10008,153,asd(),1,1,1,BIT_Use,妖狐,妖狐,,yaohu,18,30,11,25,26,1:1;2:1,RT_Animal,cw_shuxing2,6,5,5,,,1,500,,,20,20,20,20,20,PE_None
10009,30,asd(),1,1,1,BIT_Use,穴熊,穴熊,30|5,xuexiong,34,34,19,19,14,1:1;2:1;4025:1,RT_Animal,cw_shuxing2,4,,2,8,,1,4000,,,20,20,20,20,20,PE_None
10010,174,asd(),1,1,1,BIT_Bag,血腥恶熊,血腥恶熊,40|7,chixiong,35,36,15,20,14,1:1;2:1,RT_Animal,cw_shuxing2,6,8,,,2,0,10,,,20,20,20,20,20,PE_None
10011,172,asd(),1,1,1,BIT_Use,极地战熊,极地战熊,107|2,beijixiong,36,33,22,18,11,1:1;2:1;4037:1,RT_Animal,cw_shuxing2,6,,8,2,,1,1000,,,20,20,20,20,20,PE_None
10012,173,asd(),1,1,1,BIT_Bag,暴君熊,暴君熊,,chimuheixiong,33,35,14,22,16,1:1;2:1;4029:1,RT_Animal,cw_shuxing2,6,2,,,8,0,10,,,20,20,20,20,20,PE_None
10013,175,asd(),1,1,1,BIT_Use,猫熊,猫熊,,maoxiong,32,40,18,17,18,1:1;2:1,RT_Animal,cw_shuxing2,6,5,5,,,1,500,,,20,20,20,20,20,PE_None
10014,161,asd(),1,1,1,BIT_Use,堕落贼鼠,堕落贼鼠,206|4,dadishu,6,13,20,26,35,1:1;2:1;4049:1;4081:1,RT_Animal,cw_shuxing2,3,,,10,,1,7500,20001,5120;5121;5122,20,20,20,20,20,PE_None
10015,57,asd(),1,1,1,BIT_Use,噩梦耗子,噩梦耗子,40|9,emengshu,4,8,18,33,37,1:1;2:1;4089:1;4057:1,RT_Animal,cw_shuxing2,2,,10,,,1,7500,,,20,20,20,20,20,PE_None
10016,160,asd(),1,1,1,BIT_Use,炽热贼鼠,炽热贼鼠,,huoyanshu,7,12,15,34,32,1:1;2:1;4065:1;4097:1,RT_Animal,cw_shuxing2,4,10,,,,1,7500,,,20,20,20,20,20,PE_None
10017,158,asd(),1,1,1,BIT_Use,盗王之鼠,盗王之鼠,,baoshishu,7,7,22,27,37,1:1;2:1;4073:1;4105:1,RT_Animal,cw_shuxing2,4,,,,10,1,4000,,,20,20,20,20,20,PE_None
10018,159,asd(),1,1,1,BIT_Use,雪域贼鼠,雪域贼鼠,108|1,shuilanshu,11,15,28,28,33,1:1;2:1,RT_Animal,cw_shuxing2,4,,5,5,,1,4000,,,20,20,20,20,20,PE_None
10019,162,asd(),1,2,1,BIT_Use,极限鼠王,极限鼠王,,shuwang,20,7,19,52,52,1:1;2:1;16017:2;16021:2,RT_Animal,cw_shuxing2,10,5,,,5,1,0,,,20,20,20,20,20,PE_None
10020,73,asd(),1,1,1,BIT_Use,地狱看门犬,地狱看门犬,,diyukanmenquan,26,36,12,23,18,1:1;2:1;4027:3,RT_Animal,cw_shuxing2,8,4,6,,,1,1000,,,20,20,20,20,20,PE_None
10021,74,asd(),1,1,1,BIT_Use,巨狼,巨狼,,julang,22,37,11,25,20,1:1;2:1,RT_Animal,cw_shuxing2,6,,4,6,,1,500,,,20,20,20,20,20,PE_None
10022,75,asd(),1,1,1,BIT_Bag,魔域狂犬,魔域狂犬,108|2,diyuliequan,24,35,19,22,15,1:1;2:1;2061:10;2171:10,RT_Animal,cw_shuxing2,6,6,,,4,0,10,,,20,20,20,20,20,PE_None
10023,27,asd(),1,1,1,BIT_Use,异域魔犬,异域魔犬,6|4,diyuyaoquan,23,40,13,21,18,1:1;2:1;4029:1,RT_Animal,cw_shuxing2,4,,,4,6,1,100,20008,5141;5142;5143,20,20,20,20,20,PE_None
10024,16,asd(),1,1,1,BIT_Use,僵尸,僵尸,102|1,jiangshi,37,32,12,12,12,1:1;2:1;4029:1,RT_Undead,cw_shuxing4,4,,,4,6,1,500,20000,5081;5082;5083,20,20,20,20,20,PE_None
10025,79,asd(),1,1,1,BIT_Use,丧尸,丧尸,4|3,sangshi,35,34,7,15,14,1:1;2:1,RT_Undead,cw_shuxing4,3,4,6,,,1,7500,,,20,20,20,20,20,PE_None
10026,81,asd(),1,1,1,BIT_Use,食尸鬼,食尸鬼,105|3,shishigui,32,32,17,7,17,1:1;2:1;4041:1,RT_Undead,cw_shuxing4,3,6,,,4,1,7500,,,20,20,20,20,20,PE_None
10027,82,asd(),1,1,1,BIT_Bag,腐尸,腐尸,108|3,fushi,42,37,12,7,7,1:1;2:1;4057:1;4097:1,RT_Undead,cw_shuxing4,6,,4,6,,0,10,,,20,20,20,20,20,PE_None
10028,80,asd(),1,1,1,BIT_Use,木乃伊,木乃伊,105|2,munaiyi,39,32,14,8,17,1:1;2:1;4031:3,RT_Undead,cw_shuxing4,8,,,3,7,1,1000,,,20,20,20,20,20,PE_None
10029,123,asd(),1,1,1,BIT_Bag,骷髅战士,骷髅战士,102|1,kulouzhanshi,12,27,42,12,17,1:1;2:1,RT_Undead,cw_shuxing4,6,,,3,7,0,10,,,20,20,20,20,20,PE_None
10030,125,asd(),1,1,1,BIT_Use,血骷髅,血骷髅,40|8,xuekulou,13,24,41,10,22,1:1;2:1;4043:3,RT_Undead,cw_shuxing4,4,7,,,3,1,7500,,,20,20,20,20,20,PE_None
10031,124,asd(),1,1,1,BIT_Bag,魔域骷髅,魔域骷髅,,diyukulou,14,30,40,11,15,1:1;2:1;4037:1,RT_Undead,cw_shuxing4,6,3,7,,,0,10,,,20,20,20,20,20,PE_None
10032,127,asd(),1,1,1,BIT_Use,骷髅将军,骷髅将军,108|4,wuzhuangkulou,9,26,47,8,20,1:1;2:1;4059:3;4099:3,RT_Undead,cw_shuxing4,8,,3,7,,1,1000,,,20,20,20,20,20,PE_None
10033,126,asd(),1,1,1,BIT_Use,骷髅海盗,骷髅海盗,,kulouhaidao,12,29,45,13,16,1:1;2:1;4035:3,RT_Undead,cw_shuxing4,8,,5,5,,1,1000,,,20,20,20,20,20,PE_None
10034,112,asd(),1,1,1,BIT_Bag,幽灵,幽灵,40|6,youling,19,18,31,20,27,1:1;2:1,RT_Undead,cw_shuxing4,6,,8,2,,0,10,,,20,20,20,20,20,PE_None
10035,113,asd(),1,1,1,BIT_Bag,鬼灵,鬼灵,,guiling,9,21,27,25,33,1:1;2:1,RT_Undead,cw_shuxing4,6,8,,,2,0,10,,,20,20,20,20,20,PE_None
10036,114,asd(),1,1,1,BIT_Bag,亡灵,亡灵,107|3,wangling,14,27,30,15,29,1:1;2:1,RT_Undead,cw_shuxing4,6,2,,,8,0,10,,,20,20,20,20,20,PE_None
10037,25,asd(),1,1,1,BIT_Bag,死灵,死灵,,siling,10,28,32,17,28,1:1;2:1,RT_Undead,cw_shuxing4,6,,2,8,,0,10,,,20,20,20,20,20,PE_None
10038,23,asd(),1,1,1,BIT_Use,石像魔宠,石像魔宠,,xiaoshiguaixiang,16,21,11,31,26,1:1;2:1,RT_Extra,cw_shuxing9,3,,5,5,,1,7500,,,20,20,20,20,20,PE_None
10039,184,asd(),1,1,1,BIT_Use,石像仆从,石像仆从,,shimo,21,20,15,27,27,1:1;2:1,RT_Extra,cw_shuxing9,6,7,,,3,1,500,,,20,20,20,20,20,PE_None
10040,186,asd(),1,1,1,BIT_Use,极寒小魔怪,极寒小魔怪,5|6,shuilanniaomo,22,23,10,25,25,1:1;2:1,RT_Extra,cw_shuxing9,3,,7,3,,1,7500,20007,5138;5139;5140,20,20,20,20,20,PE_None
10041,185,asd(),1,1,1,BIT_Use,小恶魔,小恶魔,,xiaoemo,21,20,9,25,30,1:1;2:1,RT_Extra,cw_shuxing9,3,,,7,3,1,7500,,,20,20,20,20,20,PE_None
10042,187,asd(),1,1,1,BIT_Bag,石像幼兽,石像幼兽,,minishixiangguai,23,19,10,24,29,1:1;2:1,RT_Extra,cw_shuxing9,6,3,,,7,0,10,,,20,20,20,20,20,PE_None
10043,183,asd(),1,1,1,BIT_Use,小魔物,小魔物,,qiubite,12,22,7,37,37,1:1;2:1,RT_Extra,cw_shuxing9,6,5,,,5,1,500,,,20,20,20,20,20,PE_None
10044,262,asd(),1,1,1,BIT_Bag,石像怪,石像怪,,shixiangguai,14,30,32,22,22,1:1;2:1,RT_Extra,cw_shuxing9,6,,,1,9,0,10,,,20,20,20,20,20,PE_None
10045,259,asd(),1,1,1,BIT_Bag,血魔,血魔,108|3,xuemo,13,31,26,25,25,1:1;2:1,RT_Extra,cw_shuxing9,6,9,1,,,0,10,,,20,20,20,20,20,PE_None
10046,261,asd(),1,1,1,BIT_Bag,堕天使,堕天使,,duotianshi,11,28,28,27,26,1:1;2:1,RT_Extra,cw_shuxing9,6,,9,1,,0,10,,,20,20,20,20,20,PE_None
10047,260,asd(),1,1,1,BIT_Bag,恶魔,恶魔,,emo,10,27,26,26,31,1:1;2:1,RT_Extra,cw_shuxing9,6,1,,,9,0,10,,,20,20,20,20,20,PE_None
10048,10,asd(),1,1,1,BIT_Use,小蝙蝠,小蝙蝠,40|6,xiaobianfu,11,26,16,31,21,1:1;2:1,RT_Fly,cw_shuxing6,3,,4,6,,1,7500,,,20,20,20,20,20,PE_None
10049,147,asd(),1,1,1,BIT_Use,扫把蝙蝠,扫把蝙蝠,30|6,saobabianfu,13,28,12,29,18,1:1;2:1;4013:1,RT_Fly,cw_shuxing6,3,4,6,,,1,7500,20002,5123;5124;5125,20,20,20,20,20,PE_None
10050,146,asd(),1,1,1,BIT_Bag,迷你蝙蝠,迷你蝙蝠,,minibianfu,11,26,20,27,16,1:1;2:1,RT_Fly,cw_shuxing6,6,6,,,4,0,10,,,20,20,20,20,20,PE_None
10051,149,asd(),1,1,1,BIT_Use,水果蝙蝠,水果蝙蝠,,shuiguobianfu,17,25,15,26,17,1:1;2:1;4017:1,RT_Fly,cw_shuxing6,3,,,4,6,1,7500,,,20,20,20,20,20,PE_None
10052,145,asd(),1,1,1,BIT_Use,恶魔蝙蝠,恶魔蝙蝠,,emobianfu,13,34,10,29,24,1:1;2:1,RT_Fly,cw_shuxing6,6,2,8,,,1,500,,,20,20,20,20,20,PE_None
10053,148,asd(),1,1,1,BIT_Use,天使蝙蝠,天使蝙蝠,,tianshibianfu,9,22,12,37,30,1:1;2:1,RT_Fly,cw_shuxing6,6,,,2,8,1,500,,,20,20,20,20,20,PE_None
10054,44,asd(),1,1,1,BIT_Use,大蝙蝠,大蝙蝠,,dabianfu,23,28,23,28,13,1:1;2:1,RT_Fly,cw_shuxing6,4,,3,7,,1,4000,,,20,20,20,20,20,PE_None
10055,143,asd(),1,1,1,BIT_Use,巨蝙蝠,巨蝙蝠,107|4,jubianfu,27,30,22,24,12,1:1;2:1;4105:1,RT_Fly,cw_shuxing6,4,3,,,7,1,4000,,,20,20,20,20,20,PE_None
10056,141,asd(),1,1,1,BIT_Bag,海蝙蝠,海蝙蝠,,haibianfu,18,29,27,30,11,1:1;2:1,RT_Fly,cw_shuxing6,6,,7,3,,0,10,,,20,20,20,20,20,PE_None
10057,142,asd(),1,1,1,BIT_Use,胖蝙蝠,胖蝙蝠,,pangbianfu,25,24,20,26,20,1:1;2:1;4017:1,RT_Fly,cw_shuxing6,3,7,,,3,1,7500,,,20,20,20,20,20,PE_None
10058,144,asd(),1,1,1,BIT_Use,兔耳蝙蝠,兔耳蝙蝠,,tuerbianfu,21,26,18,31,14,1:1;2:1,RT_Fly,cw_shuxing6,3,5,5,,,1,7500,,,20,20,20,20,20,PE_None
10059,188,asd(),1,1,1,BIT_Use,暗水蝎,暗水蝎,103|3,lanxie,20,27,47,13,8,1:1;2:1;4001:1,RT_Insect,cw_shuxing7,4,1,9,,,1,4000,20009,5144;5145;5146,20,20,20,20,20,PE_None
10060,189,asd(),1,1,1,BIT_Bag,炼狱魔蝎,炼狱魔蝎,208|1,hongxie,19,28,42,19,7,1:1;4005:1,RT_Insect,cw_shuxing7,6,9,,,1,0,10,,,20,20,20,20,20,PE_None
10061,191,asd(),1,1,1,BIT_Use,沙漠蝎,沙漠蝎,4|2,huangxie,20,30,43,12,10,1:1;2:1;4009:1,RT_Insect,cw_shuxing7,3,,,9,1,1,7500,,,20,20,20,20,20,PE_None
10062,190,asd(),1,1,1,BIT_Bag,致命魔蝎,致命魔蝎,,shashouxie,30,29,38,11,7,1:1;2:1,RT_Insect,cw_shuxing7,6,,1,9,,0,10,,,20,20,20,20,20,PE_None
10063,179,asd(),1,1,1,BIT_Use,杀人蜂,杀人蜂,40|7,sharenfeng,12,37,12,37,12,1:1;2:1,RT_Insect,cw_shuxing7,3,,,5,5,1,7500,,,20,20,20,20,20,PE_None
10064,178,asd(),1,1,1,BIT_Use,毒蜂,毒蜂,5|3,yixingfeng,14,33,11,35,17,1:1;2:1;4009:1,RT_Insect,cw_shuxing7,6,5,,,5,1,500,,,20,20,20,20,20,PE_None
10065,177,asd(),1,1,1,BIT_Bag,虎头蜂,虎头蜂,,hutoufeng,13,40,8,38,11,1:1;2:1;4017:1,RT_Insect,cw_shuxing7,6,,,7,3,0,10,,,20,20,20,20,20,PE_None
10066,176,asd(),1,1,1,BIT_Use,黄蜂,黄蜂,103|1,huangfeng,10,38,13,43,6,1:1;2:1;4009:1,RT_Insect,cw_shuxing7,4,7,,,3,1,4000,20011,5150;5151;5152,20,20,20,20,20,PE_None
10067,11,asd(),1,1,1,BIT_Use,亡者兵蜂,亡者兵蜂,,siwangfeng,7,39,15,41,8,1:1;2:1;4027:3,RT_Insect,cw_shuxing7,8,3,7,,,1,1000,,,20,20,20,20,20,PE_None
10068,233,asd(),1,1,1,BIT_Use,螳螂,螳螂,40|9,tanglang,16,44,22,27,11,1:1;2:1;4029:1,RT_Insect,cw_shuxing7,3,,,6,4,1,7500,,,20,20,20,20,20,PE_None
10069,234,asd(),1,1,1,BIT_Use,杀手螳螂,杀手螳螂,,sharentanglang,12,45,20,26,17,1:1;2:1;4019:3,RT_Insect,cw_shuxing7,8,6,4,,,1,1000,,,20,20,20,20,20,PE_None
10070,235,asd(),1,1,1,BIT_Use,血眼螳螂,血眼螳螂,,chimutanglang,14,44,19,29,14,1:1;2:1;4043:3,RT_Insect,cw_shuxing7,8,4,,,6,1,1000,,,20,20,20,20,20,PE_None
10071,236,asd(),1,1,1,BIT_Use,绝望螳螂,绝望螳螂,,sihuitanglang,15,40,17,33,15,1:1;2:1,RT_Insect,cw_shuxing7,4,5,5,,,1,4000,,,20,20,20,20,20,PE_None
10072,237,asd(),1,1,1,BIT_Use,夺命螳螂,夺命螳螂,5|7,zhimingtanglang,20,43,18,27,12,1:1;2:1,RT_Insect,cw_shuxing7,6,,6,4,,1,500,,,20,20,20,20,20,PE_None
10073,157,asd(),1,1,1,BIT_Use,土蜘蛛,土蜘蛛,105|1,tuzhizhu,26,15,18,23,23,1:1;2:1;4017:1;4009:1,RT_Insect,cw_shuxing7,3,,,10,,1,7500,,,20,20,20,20,20,PE_None
10074,56,asd(),1,1,1,BIT_Use,水蜘蛛,水蜘蛛,6|3,shuizhizhu,24,16,17,20,28,1:1;2:1;4089:1,RT_Insect,cw_shuxing7,3,,10,,,1,7500,20003,5126;5127;5128,20,20,20,20,20,PE_None
10075,156,asd(),1,1,1,BIT_Bag,火蜘蛛,火蜘蛛,,huozhizhu,22,22,16,25,20,1:1;2:1;4001:1,RT_Insect,cw_shuxing7,6,10,,,,0,10,,,20,20,20,20,20,PE_None
10076,155,asd(),1,1,1,BIT_Use,风蜘蛛,风蜘蛛,5|12,fengzhizhu,25,28,15,19,18,1:1;2:1;4009:1,RT_Insect,cw_shuxing7,3,,,,10,1,7500,,,20,20,20,20,20,PE_None
10077,5,asd(),1,1,1,BIT_Bag,树精,树精,30|2,shujing,32,17,32,12,17,1:1;2:1,RT_Plant,cw_shuxing3,6,6,4,,,0,10,,,20,20,20,20,20,PE_None
10078,95,asd(),1,1,1,BIT_Use,亡魂树精,亡魂树精,,siwangshujing,28,20,37,9,16,1:1;2:1;4053:5,RT_Plant,cw_shuxing3,8,,4,6,,1,1000,,,20,20,20,20,20,PE_None
10079,94,asd(),1,1,1,BIT_Bag,金木树精,金木树精,,huangjinshujing,38,22,28,10,17,1:1;2:1,RT_Plant,cw_shuxing3,6,,,4,6,0,10,,,20,20,20,20,20,PE_None
10080,96,asd(),1,1,1,BIT_Use,无面者树精,无面者树精,,canbaishujing,29,16,28,17,20,1:1;2:1;4073:1,RT_Plant,cw_shuxing3,6,3,,,7,1,500,,,20,20,20,20,20,PE_None
10081,92,asd(),1,1,1,BIT_Use,冰晶树妖,冰晶树妖,5|7,binglengshujing,30,15,27,16,22,1:1;2:1;4057:1,RT_Plant,cw_shuxing3,6,3,7,,,1,500,,,20,20,20,20,20,PE_None
10082,93,asd(),1,1,1,BIT_Use,荒野树精,荒野树精,,zhaozeshujing,31,14,29,15,21,1:1;2:1,RT_Plant,cw_shuxing3,3,,3,7,,1,7500,,,20,20,20,20,20,PE_None
10083,15,asd(),1,1,1,BIT_Use,妖草,妖草,5|4,yaocao,26,11,16,16,36,1:1;2:1;4049:1,RT_Plant,cw_shuxing3,3,,2,8,,1,7500,,,20,20,20,20,20,PE_None
10084,122,asd(),1,1,1,BIT_Use,曼陀罗草,曼陀罗草,,mantuoluocao,25,13,14,15,38,1:1;2:1;4049:1;4073:1,RT_Plant,cw_shuxing3,3,,,5,5,1,7500,,,20,20,20,20,20,PE_None
10085,121,asd(),1,1,1,BIT_Bag,死亡之花,死亡之花,,yaohua,27,12,12,19,35,1:1;2:1,RT_Plant,cw_shuxing3,6,5,,,5,0,10,,,20,20,20,20,20,PE_None
10086,120,asd(),1,1,1,BIT_Bag,人魔草,人魔草,,renmocao,22,17,11,14,41,1:1;2:1;4057:1,RT_Plant,cw_shuxing3,6,,,9,1,0,10,,,20,20,20,20,20,PE_None
10087,18,asd(),1,1,1,BIT_Use,丛林臭臭花,丛林臭臭花,306|3,lvsekouchougui,38,23,16,15,23,1:1;2:1;4009:1,RT_Plant,cw_shuxing3,3,,,9,1,1,7500,20004,5129;5130;5131,20,20,20,20,20,PE_None
10088,88,asd(),1,1,1,BIT_Use,沙漠臭臭花,沙漠臭臭花,,huangsekouchougui,37,27,18,11,22,1:1;2:1,RT_Plant,cw_shuxing3,3,,,1,9,1,7500,,,20,20,20,20,20,PE_None
10089,86,asd(),1,1,1,BIT_Bag,冰雪臭臭花,冰雪臭臭花,5|9,lansekouchougui,35,25,15,18,27,1:1;2:1;4013:1,RT_Plant,cw_shuxing3,6,1,9,,,0,10,,,20,20,20,20,20,PE_None
10090,87,asd(),1,1,1,BIT_Use,熔岩臭臭花,熔岩臭臭花,,hongsekouchougui,44,21,14,12,29,1:1;2:1,RT_Plant,cw_shuxing3,4,9,1,,,1,4000,,,20,20,20,20,20,PE_None
10091,17,asd(),1,1,1,BIT_Use,狂暴刺球,狂暴刺球,40|4,fengbaoxianrenzhang,27,29,22,12,20,1:1;2:1;4043:3,RT_Plant,cw_shuxing3,8,,5,5,,1,1000,,,20,20,20,20,20,PE_None
10092,100,asd(),1,1,1,BIT_Use,功夫刺魔,功夫刺魔,,wushuxianrenzhang,24,32,27,10,17,1:1;2:1;4017:1,RT_Plant,cw_shuxing3,6,,5,5,,1,500,,,20,20,20,20,20,PE_None
10093,109,asd(),1,1,1,BIT_Bag,萌萌仙人掌,萌萌仙人掌,,tuerxianrenzhang,28,35,19,14,14,1:1;2:1;4025:1,RT_Plant,cw_shuxing3,6,5,,,5,0,10,,,20,20,20,20,20,PE_None
10094,110,asd(),1,1,1,BIT_Use,土著仙人掌,土著仙人掌,,yindianxianrenzhang,26,36,24,9,15,1:1;2:1;4013:1,RT_Plant,cw_shuxing3,3,5,5,,,1,7500,,,20,20,20,20,20,PE_None
10095,111,asd(),1,1,1,BIT_Bag,炽热魔芋,炽热魔芋,208|2,huoyanwuzhe,19,38,18,15,25,1:1;2:1;2101:10;5502:1,RT_Plant,cw_shuxing3,6,8,2,,,0,10,,,20,20,20,20,20,PE_None
10096,4,asd(),1,1,1,BIT_Use,史莱姆,史莱姆,,shilaimu,46,26,11,6,16,1:1;2:1,RT_Extra,cw_shuxing9,3,,,9,1,1,7500,,,20,20,20,20,20,PE_None
10097,89,asd(),1,1,1,BIT_Bag,液态史莱姆,液态史莱姆,,yetaishilaimu,49,24,15,5,12,1:1;2:1;4045:1,RT_Extra,cw_shuxing9,6,,9,1,,0,10,,,20,20,20,20,20,PE_None
10098,90,asd(),1,1,1,BIT_Use,污染史莱姆,污染史莱姆,,guodongshilaimu,45,31,6,10,13,1:1;2:1,RT_Extra,cw_shuxing9,3,9,1,,,1,7500,,,20,20,20,20,20,PE_None
10099,91,asd(),1,1,1,BIT_Use,极地史莱姆,极地史莱姆,5|1,budingshilaimu,40,25,12,8,20,1:1;2:1;4013:1,RT_Extra,cw_shuxing9,6,1,,,9,1,500,,,20,20,20,20,20,PE_None
10100,239,asd(),1,1,1,BIT_Use,火精,火精,,huojing,25,25,25,25,25,1:1;2:1;16019:4;16023:4,RT_Extra,cw_shuxing9,6,10,,,,1,0,,,20,20,20,20,20,PE_None
10101,241,asd(),1,1,1,BIT_Use,风精,风精,,fengjing,25,25,25,25,25,1:1;2:1,RT_Extra,cw_shuxing9,6,,,,10,1,0,,,20,20,20,20,20,PE_None
10102,242,asd(),1,1,1,BIT_Use,水精,水精,,shuijing,25,25,25,25,25,1:1;2:1,RT_Extra,cw_shuxing9,6,,10,,,1,0,,,20,20,20,20,20,PE_None
10103,240,asd(),1,1,1,BIT_Use,地精,地精,,dijing,25,25,25,25,25,1:1;2:1,RT_Extra,cw_shuxing9,6,,,10,,1,0,,,20,20,20,20,20,PE_None
10104,115,asd(),1,1,1,BIT_Use,小丑炸弹魔,小丑炸弹魔,,wanpizhadan,15,15,15,15,40,1:1;2:1,RT_Metal,cw_shuxing8,4,,,8,2,1,7500,,,20,20,20,20,20,PE_None
10105,116,asd(),1,1,1,BIT_Use,偶像炸弹魔,偶像炸弹魔,,baobeizhadan,14,17,11,16,42,1:1;2:1;4059:3,RT_Metal,cw_shuxing8,8,2,8,,,1,20,,,20,20,20,20,20,PE_None
10106,117,asd(),1,1,1,BIT_Use,炸弹魔王,炸弹魔王,,dazhadan,12,20,14,14,40,1:1;2:1;4065:1,RT_Metal,cw_shuxing8,4,8,,,2,1,4000,,,20,20,20,20,20,PE_None
10107,118,asd(),1,1,1,BIT_Use,深寒炸弹魔,深寒炸弹魔,207|2,piaofuzhadan,16,14,14,17,39,1:1;2:1;4073:1,RT_Metal,cw_shuxing8,3,,,2,8,1,7500,,,20,20,20,20,20,PE_None
10108,119,asd(),1,1,1,BIT_Use,炸弹小子,炸弹小子,,wanzizhadan,17,17,7,17,47,1:1;2:1,RT_Metal,cw_shuxing8,3,,,5,5,1,7500,,,20,20,20,20,20,PE_None
10109,25,asd(),1,2,1,BIT_Use,幻影,幻影,,huanying,30,26,35,17,42,1:1;2:1;16017:2;16021:2,RT_Undead,cw_shuxing4,10,10,,,,1,0,,,20,20,20,20,20,PE_None
10110,112,asd(),1,2,1,BIT_Use,舞蹈之影,舞蹈之影,,xuanlvyingzi,24,28,22,49,27,1:1;2:1;16017:2;16021:2,RT_Undead,cw_shuxing4,10,,10,,,1,0,,,20,20,20,20,20,PE_None
10111,113,asd(),1,2,1,BIT_Use,暗影,暗影,,anying,25,23,33,23,46,1:1;2:1;16017:2;16021:2,RT_Undead,cw_shuxing4,10,,,,10,1,0,,,20,20,20,20,20,PE_None
10112,114,asd(),1,2,1,BIT_Use,阴影,阴影,,yinying,38,44,22,22,24,1:1;2:1;4020:4;2051:4;2121:4,RT_Undead,cw_shuxing4,10,,,10,,1,0,,,20,20,20,20,20,PE_None
10113,137,asd(),1,1,1,BIT_Use,亲卫刃使魔,亲卫刃使魔,208|4,xuexingzhiren,9,39,34,14,24,1:1;2:1;4039:3,RT_Metal,cw_shuxing8,8,,1,9,,1,1000,,,20,20,20,20,20,PE_None
10114,140,asd(),1,1,1,BIT_Use,屠龙刃使魔,屠龙刃使魔,,shalongzhiren,17,37,41,11,19,1:1;2:1,RT_Metal,cw_shuxing8,6,1,9,,,1,500,,,20,20,20,20,20,PE_None
10115,138,asd(),1,1,1,BIT_Use,烈焰刃使魔,烈焰刃使魔,,huoyanzhiren,10,39,28,12,31,1:1;2:1;4065:1,RT_Metal,cw_shuxing8,6,9,,,1,1,500,,,20,20,20,20,20,PE_None
10116,139,asd(),1,1,1,BIT_Use,黑暗刃使魔,黑暗刃使魔,5|10,liefengzhiren,12,44,29,13,27,1:1;2:1;4073:1;4105:1,RT_Metal,cw_shuxing8,6,,,1,9,1,500,,,20,20,20,20,20,PE_None
10117,19,asd(),1,1,1,BIT_Bag,恐怖箱,恐怖箱,40|11,xiarenxiang,11,26,26,11,31,1:1;2:1,RT_Metal,cw_shuxing8,6,2,,,8,0,10,,,20,20,20,20,20,PE_None
10118,22,asd(),1,1,1,BIT_Use,兔耳恐怖箱,兔耳恐怖箱,,tuerxiarenxiang,9,24,23,16,33,1:1;2:1,RT_Metal,cw_shuxing8,3,8,2,,,1,7500,,,20,20,20,20,20,PE_None
10119,20,asd(),1,1,1,BIT_Bag,红魔恐怖箱,红魔恐怖箱,,hongmoxiarenxiang,12,32,27,12,27,1:1;2:1,RT_Metal,cw_shuxing8,6,5,5,,,0,10,,,20,20,20,20,20,PE_None
10120,20,asd(),1,1,1,BIT_Bag,蓝魔恐怖箱,蓝魔恐怖箱,,lanmoxiarenxiang,15,37,28,8,22,1:1;2:1,RT_Metal,cw_shuxing8,6,,8,2,,0,10,,,20,20,20,20,20,PE_None
10121,21,asd(),1,1,1,BIT_Use,绿蛙恐怖箱,绿蛙恐怖箱,,lvwaxiarenxiang,13,35,29,10,23,1:1;2:1,RT_Metal,cw_shuxing8,4,,,8,2,1,7500,,,20,20,20,20,20,PE_None
10122,19,asd(),1,1,1,BIT_Use,纯白恐怖箱,纯白恐怖箱,,chunbaixiarenxiang,9,24,29,11,37,1:1;2:1;4085:5,RT_Metal,cw_shuxing8,8,,,5,5,1,1000,,,20,20,20,20,20,PE_None
10123,133,asd(),1,1,1,BIT_Use,冰怪,冰怪,5|8,bingguai,20,30,46,7,12,1:1;2:1,RT_Extra,cw_shuxing9,4,,10,,,1,4000,,,20,20,20,20,20,PE_None
10124,135,asd(),1,1,1,BIT_Use,石怪,石怪,40|12,shiguai,15,38,43,6,13,1:1;2:1,RT_Extra,cw_shuxing9,4,,,10,,1,4000,,,20,20,20,20,20,PE_None
10125,134,asd(),1,2,1,BIT_Use,银怪,银怪,,yinguai,25,32,48,8,37,1:1;2:1;4047:3;16026:3;16005:2,RT_Extra,cw_shuxing9,10,10,,,,1,0,,,20,20,20,20,20,PE_None
10126,136,asd(),1,2,1,BIT_Use,金怪,金怪,,jinguai,14,51,50,20,15,1:1;2:1;4011:3;16026:3;16005:2,RT_Extra,cw_shuxing9,10,,,,10,1,0,,,20,20,20,20,20,PE_None
10127,182,asd(),1,1,1,BIT_Use,魔王蟹,魔王蟹,,emopangxie,16,32,35,11,11,1:1;2:1;4025:1,RT_Animal,cw_shuxing2,6,8,2,,,1,500,,,20,20,20,20,20,PE_None
10128,181,asd(),1,1,1,BIT_Use,晶石蟹,晶石蟹,,shuijingpangxie,18,31,36,10,10,1:1;2:1;4015:3,RT_Animal,cw_shuxing2,8,2,8,,,1,1000,,,20,20,20,20,20,PE_None
10129,32,asd(),1,1,1,BIT_Bag,大钳蟹,大钳蟹,30|3,tiejianpangxie,14,34,37,12,8,1:1;2:1;4037:1,RT_Animal,cw_shuxing2,6,,,8,2,0,10,,,20,20,20,20,20,PE_None
10130,180,asd(),1,1,1,BIT_Use,贵族蟹,贵族蟹,,huangjinpangxie,22,30,34,7,12,1:1;2:1;4127:3,RT_Animal,cw_shuxing2,8,,,2,8,1,1000,,,20,20,20,20,20,PE_None
10131,220,asd(),1,1,1,BIT_Use,蜥蜴人战士,蜥蜴人战士,106|2,xiyizhanshi,22,32,32,12,12,1:1;2:1,RT_Human,cw_shuxing1,4,,,7,3,1,4000,,,20,20,20,20,20,PE_None
10132,223,asd(),1,1,1,BIT_Use,蜥蜴人斗士,蜥蜴人斗士,306|1,xiyidoushi,18,37,37,8,10,1:1;2:1;4025:1,RT_Human,cw_shuxing1,3,,7,3,,1,7500,,,20,20,20,20,20,PE_None
10133,222,asd(),1,1,1,BIT_Use,蜥蜴人武士,蜥蜴人武士,306|2,xiyiwushi,20,31,30,15,14,1:1;2:1,RT_Human,cw_shuxing1,6,7,3,,,1,500,,,20,20,20,20,20,PE_None
10134,99,asd(),1,1,1,BIT_Bag,猎豹蜥蜴,猎豹蜥蜴,306|3,liebaoxiyi,23,36,28,10,13,1:1;2:1,RT_Animal,cw_shuxing2,6,3,,,7,0,10,,,20,20,20,20,20,PE_None
10135,216,asd(),1,1,1,BIT_Use,大地翼龙,大地翼龙,,dadiyilong,29,28,32,20,11,1:1;2:1,RT_Dragon,cw_shuxing5,6,,,10,,1,500,,,20,20,20,20,20,PE_None
10136,217,asd(),1,1,1,BIT_Use,寒冰翼龙,寒冰翼龙,306|1,hanbingyilong,30,30,31,17,12,1:1;2:1,RT_Dragon,cw_shuxing5,6,,10,,,1,500,20005,5132;5133;5134,20,20,20,20,20,PE_None
10137,215,asd(),1,1,1,BIT_Use,火焰翼龙,火焰翼龙,,huoyanyilong,33,33,25,16,13,1:1;2:1,RT_Dragon,cw_shuxing5,6,10,,,,1,500,,,20,20,20,20,20,PE_None
10138,218,asd(),1,1,1,BIT_Use,烈风翼龙,烈风翼龙,,liefengyilong,32,30,23,20,15,1:1;2:1,RT_Dragon,cw_shuxing5,6,,,,10,1,500,,,20,20,20,20,20,PE_None
10139,219,asd(),1,1,1,BIT_Bag,银色翼龙,银色翼龙,,yinseyilong,32,30,26,19,18,1:1;2:1,RT_Dragon,cw_shuxing5,6,5,5,,,0,10,,,20,20,20,20,20,PE_None
10140,98,asd(),1,1,1,BIT_Use,地龙蜥,地龙蜥,306|4,dilongxi,29,34,34,15,8,1:1;2:1;4037:1,RT_Animal,cw_shuxing2,6,,2,8,,1,500,,,20,20,20,20,20,PE_None
10141,97,asd(),1,1,1,BIT_Use,水龙蜥,水龙蜥,,shuilongxi,36,38,34,11,6,1:1;2:1;4005:1,RT_Animal,cw_shuxing2,6,2,8,,,1,500,,,20,20,20,20,20,PE_None
10142,26,asd(),1,1,1,BIT_Use,火龙蜥,火龙蜥,,huolongxi,32,37,37,12,7,1:1;2:1,RT_Animal,cw_shuxing2,6,8,,,2,1,500,,,20,20,20,20,20,PE_None
10143,99,asd(),1,1,1,BIT_Use,风龙蜥,风龙蜥,,fenglongxi,35,35,31,10,9,1:1;2:1;4045:1,RT_Animal,cw_shuxing2,4,,,2,8,1,4000,,,20,20,20,20,20,PE_None
10144,264,asd(),1,1,1,BIT_Bag,哥布林,哥布林,101|3,gebulin,27,27,27,17,7,1:1;2:1,RT_Human,cw_shuxing1,6,,3,7,,0,10,,,20,20,20,20,20,PE_None
10145,265,asd(),1,1,1,BIT_Bag,红帽子,红帽子,104|1,hongmaogebulin,23,30,29,20,5,1:1;2:1,RT_Human,cw_shuxing1,6,3,7,,,0,10,,,20,20,20,20,20,PE_None
10146,266,asd(),1,1,1,BIT_Bag,灼炎族地精,灼炎族地精,,huoyangebulin,22,28,26,15,14,1:1;2:1,RT_Human,cw_shuxing1,6,7,,,3,0,10,,,20,20,20,20,20,PE_None
10147,267,asd(),1,1,1,BIT_Bag,狂飙族地精,狂飙族地精,106|3,liefenggebulin,30,26,24,23,4,1:1;2:1,RT_Human,cw_shuxing1,6,,,3,7,0,10,,,20,20,20,20,20,PE_None
10148,61,asd(),1,1,1,BIT_Bag,巨人,巨人,206|4,juren,38,35,24,9,14,1:1;2:1;2291:4;2071:7;2251:4,RT_Human,cw_shuxing1,6,,,10,,0,10,,,20,20,20,20,20,PE_None
10149,83,asd(),1,1,1,BIT_Use,单眼巨人,单眼巨人,5|5,danyanjuren,34,34,20,12,20,1:1;2:1,RT_Human,cw_shuxing1,6,,10,,,1,500,,,20,20,20,20,20,PE_None
10150,85,asd(),1,1,1,BIT_Use,泰坦巨人,泰坦巨人,207|3,taitanjuren,39,30,28,8,15,1:1;2:1;4135:3,RT_Human,cw_shuxing1,8,,,,10,1,1000,,,20,20,20,20,20,PE_None
10151,84,asd(),1,1,1,BIT_Use,巨神魔,巨神魔,,yatelasijushen,37,37,17,17,12,1:1;2:1;4115:3,RT_Human,cw_shuxing1,8,10,,,,1,1000,,,20,20,20,20,20,PE_None
10152,42,asd(),1,1,1,BIT_Use,盗贼,盗贼,40|12,daozei,23,28,21,31,12,1:1;2:1;4025:1,RT_Human,cw_shuxing1,4,5,,,5,1,4000,,,20,20,20,20,20,PE_None
10153,163,asd(),1,1,1,BIT_Use,山贼,山贼,5|2,shanzei,28,27,24,26,10,1:1;2:1;4037:1,RT_Human,cw_shuxing1,3,,,5,5,1,7500,,,20,20,20,20,20,PE_None
10154,164,asd(),1,1,1,BIT_Use,海贼,海贼,,haizei,19,31,23,28,14,1:1;2:1;4029:1,RT_Human,cw_shuxing1,3,5,5,,,1,7500,,,20,20,20,20,20,PE_None
10155,6,asd(),1,1,1,BIT_Bag,熊猫团,熊猫团,206|2,xiyituan,27,26,30,24,8,1:1;2:1,RT_Animal,cw_shuxing2,6,,5,5,,0,10,,,20,20,20,20,20,PE_None
10156,50,asd(),1,1,1,BIT_Use,鸟人,鸟人,206|3,niaoren,17,17,17,37,22,1:1;2:1,RT_Fly,cw_shuxing6,3,,,9,1,1,7500,20006,5135;5136;5137,20,20,20,20,20,PE_None
10157,167,asd(),1,1,1,BIT_Use,雪山幻魔,雪山幻魔,207|4,huangeyao,15,18,20,38,19,1:1;2:1,RT_Fly,cw_shuxing6,3,1,9,,,1,7500,,,20,20,20,20,20,PE_None
10158,168,asd(),1,1,1,BIT_Bag,阴毒鸟人,阴毒鸟人,,henduniaoren,18,19,14,39,20,1:1;2:1,RT_Fly,cw_shuxing6,6,9,1,,,0,10,,,20,20,20,20,20,PE_None
10159,169,asd(),1,1,1,BIT_Use,狂风鸟人,狂风鸟人,,liefengniaoren,13,20,12,42,23,1:1;2:1,RT_Fly,cw_shuxing6,6,1,,,9,1,500,,,20,20,20,20,20,PE_None
10160,166,asd(),1,1,1,BIT_Use,黑暗鸟人,黑暗鸟人,,heianniaoren,19,11,11,43,31,1:1;2:1;4109:5,RT_Fly,cw_shuxing6,8,,,5,5,1,500,,,20,20,20,20,20,PE_None
10161,58,asd(),1,1,1,BIT_Bag,蘑菇,蘑菇,,heianniaoren,19,11,11,43,31,1:1;2:1,RT_Plant,cw_shuxing3,6,,,5,5,0,10,,,20,20,20,20,20,PE_None
10162,294,asd(),1,2,1,BIT_Use,多拉姆糖,多拉姆糖,,heianniaoren,45,45,45,45,45,1:1;2:1,RT_Animal,cw_shuxing2,10,,,2,8,0,0,,,20,20,20,20,20,PE_None
10163,133,asd(),1,1,1,BIT_Use,极寒石怪,极寒石怪,,heianniaoren,30,25,33,10,12,1:1;2:1;1061:4;1001:4;1011:4,RT_Extra,cw_shuxing9,6,,6,4,,0,0,,,20,20,20,20,20,PE_None
10164,135,asd(),1,1,1,BIT_Use,熔岩石怪,熔岩石怪,,heianniaoren,30,25,33,10,12,1:1;2:1;1061:4;4008:4;1081:4,RT_Extra,cw_shuxing9,6,,,10,,0,0,,,20,20,20,20,20,PE_None
10165,376,asd(),1,1,1,BIT_Use,永冻之虎,永冻之虎,,heianniaoren,22,42,17,27,17,1:1;2:1;1051:4,RT_Animal,cw_shuxing2,6,,8,2,,1,500,,,20,20,20,20,20,PE_None
10166,350,asd(),1,1,1,BIT_Use,炫彩鸟,炫彩鸟,,heianniaoren,18,13,18,35,26,1:1;2:1;2021:4;2071:4;2121:4,RT_Animal,cw_shuxing2,6,,3,7,,0,0,,,20,20,20,20,20,PE_None
10167,262,asd(),1,1,1,BIT_Use,亡者守卫,亡者守卫,,heianniaoren,13,31,26,25,25,1:1;4028:4,RT_Animal,cw_shuxing2,6,,,9,1,1,500,,,20,20,20,20,20,PE_None
10168,373,asd(),1,1,1,BIT_Use,大地之龙,大地之龙,,heianniaoren,20,20,20,20,30,1:1;2:1;2361:4;2371:4;2381:4,RT_Dragon,cw_shuxing5,6,,,8,2,0,0,,,20,20,20,20,20,PE_None
10169,130,asd(),1,1,1,BIT_Use,魔影守卫,魔影守卫,,heianniaoren,25,20,20,25,20,1:1;2:1;2271:4;2141:4;2231:4;2251:4,RT_Extra,cw_shuxing9,6,7,,3,,0,0,,,20,20,20,20,20,PE_None
10170,218,asd(),1,1,1,BIT_Use,幻象之龙,幻象之龙,,heianniaoren,20,20,20,20,30,1:1;4020:4;2081:7;2091:7;2101:7;2111:7,RT_Extra,cw_shuxing9,6,,,3,7,0,0,,,20,20,20,20,20,PE_None
10171,77,asd(),1,1,1,BIT_Use,哀嚎野兽,哀嚎野兽,,heianniaoren,30,35,20,13,12,1:1;2:1;2501:5;1021:5;1011:5,RT_Extra,cw_shuxing9,6,,2,,8,0,0,,,20,20,20,20,20,PE_None
10172,260,asd(),1,1,1,BIT_Use,魔影近卫,魔影近卫,,heianniaoren,16,32,33,15,14,1:1;2:1;1061:5;1001:5;2501:5,RT_Extra,cw_shuxing9,6,,8,2,,0,0,,,20,20,20,20,20,PE_None
10173,261,asd(),1,1,1,BIT_Use,魔影近卫,魔影近卫,,heianniaoren,33,16,32,15,14,1:1;2:1;1011:6;1061:6,RT_Extra,cw_shuxing9,6,,,,10,0,0,,,20,20,20,20,20,PE_None
10174,262,asd(),1,1,1,BIT_Use,魔影近卫,魔影近卫,,heianniaoren,32,33,16,15,14,1:1;2:1;2261:7;2191:7;2151:7;2291:7,RT_Extra,cw_shuxing9,6,8,2,,,0,0,,,20,20,20,20,20,PE_None
10175,377,asd(),1,2,1,BIT_Use,封印守卫,封印守卫,,heianniaoren,22,22,22,22,22,1:1;2:1;2361:7;2371:7;2381:7;2461:2;2471:2,RT_Animal,cw_shuxing2,10,,,8,2,0,0,,,20,20,20,20,20,PE_None
10176,375,asd(),1,2,1,BIT_Use,先祖守卫,先祖守卫,,heianniaoren,22,22,22,22,22,1:1;2:1;1051:7,RT_Extra,cw_shuxing9,10,3,,7,,0,0,,,20,20,20,20,20,PE_None
10177,226,asd(),1,2,1,BIT_Use,先祖无畏,先祖无畏,,heianniaoren,22,22,22,22,22,1:1;2:1;2111:7;2091:7,RT_Extra,cw_shuxing9,10,4,,6,,0,0,,,20,20,20,20,20,PE_None
10178,262,asd(),1,2,1,BIT_Use,先祖勇气,先祖勇气,,heianniaoren,22,22,22,22,22,1:1;2:1;1061:7;2501:7;1011:7,RT_Extra,cw_shuxing9,10,,4,6,,0,0,,,20,20,20,20,20,PE_None
10179,193,asd(),1,2,1,BIT_Use,先祖智慧,先祖智慧,,heianniaoren,22,22,22,22,22,1:1;2:1;1061:10;1081:10,RT_Undead,cw_shuxing4,10,9,,,1,0,0,,,20,20,20,20,20,PE_None
10180,241,asd(),1,2,1,BIT_Use,先祖公平,先祖公平,,heianniaoren,22,22,22,22,22,1:1;2:1;2511:10,RT_Extra,cw_shuxing9,10,,,,10,0,0,,,20,20,20,20,20,PE_None
10181,120,asd(),1,2,1,BIT_Use,先祖善良,先祖善良,,heianniaoren,22,22,22,22,22,1:1;2:1;2511:10,RT_Plant,cw_shuxing3,10,,7,3,,0,0,,,20,20,20,20,20,PE_None
10182,374,asd(),1,2,1,BIT_Use,先祖之魂,先祖之魂,,heianniaoren,22,22,22,22,22,1:1;2:1;2431:10;2401:10;2411:10;2481:10;2491:10,RT_Undead,cw_shuxing4,10,,,2,8,0,0,,,20,20,20,20,20,PE_None
10183,127,asd(),1,2,1,BIT_Use,魔影先锋,魔影先锋,,heianniaoren,22,22,22,22,22,1:1;2:1;2361:10;2371:10;2381:10;2441:2;2451:2,RT_Human,cw_shuxing1,10,,7,3,,0,0,,,20,20,20,20,20,PE_None
10184,201,asd(),1,2,1,BIT_Use,魔影骑士,魔影骑士,,heianniaoren,22,22,22,22,22,1:1;4008:4;2001:7;2011:7;2021:7;2031:7,RT_Human,cw_shuxing1,10,5,,,5,0,0,,,20,20,20,20,20,PE_None
10185,131,asd(),1,2,1,BIT_Use,魔影领主,魔影领主,,heianniaoren,22,22,22,22,22,1:1;4012:4;2041:7;2051:7;2061:7;2071:7,RT_Human,cw_shuxing1,10,,5,5,,0,0,,,20,20,20,20,20,PE_None
10186,372,asd(),1,2,1,BIT_Use,漆黑之影,漆黑之影,,heianniaoren,22,22,22,22,22,1:1;4016:4;2271:7;2291:7,RT_Undead,cw_shuxing4,10,,,10,,0,0,,,20,20,20,20,20,PE_None
10187,227,asd(),1,2,1,BIT_Use,地狱将军,地狱将军,,heianniaoren,45,42,20,22,21,1:1;2:1;4040:4;16002:3,RT_Metal,cw_shuxing8,10,,,3,7,1,0,,,20,20,20,20,20,PE_None
10188,230,asd(),1,2,1,BIT_Use,钢铁领主,钢铁领主,,heianniaoren,41,49,22,25,13,1:1;2:1;4028:4;16002:3,RT_Metal,cw_shuxing8,10,8,2,,,1,0,,,20,20,20,20,20,PE_None
10189,229,asd(),1,2,1,BIT_Use,无头骑士的化身,无头骑士的化身,,heianniaoren,23,42,32,38,15,1:1;2:1;4032:4;16002:3,RT_Metal,cw_shuxing8,10,,,7,3,1,0,,,20,20,20,20,20,PE_None
10190,228,asd(),1,2,1,BIT_Use,钢铁低语者,钢铁低语者,,heianniaoren,32,16,26,28,48,1:1;2:1;4063:7;4084:4;16022:3,RT_Metal,cw_shuxing8,10,,7,3,,1,0,,,20,20,20,20,20,PE_None
10191,226,asd(),1,2,1,BIT_Use,钢铁骑士,钢铁骑士,,heianniaoren,31,37,31,37,19,1:1;2:1;4044:4;16014:3,RT_Metal,cw_shuxing8,10,,,3,7,1,0,,,20,20,20,20,20,PE_None
10192,225,asd(),1,2,1,BIT_Use,雾风,雾风,,heianniaoren,30,18,27,29,46,1:1;2:1;4076:4;4111:7;16018:3,RT_Metal,cw_shuxing8,10,2,,,8,1,0,,,20,20,20,20,20,PE_None
10193,247,asd(),1,2,1,BIT_Use,暗黑僧侣,暗黑僧侣,,heianniaoren,22,42,27,17,42,1:1;2:1;4092:4;4040:4;16002:3;16022:3,RT_Undead,cw_shuxing4,10,,10,,,1,0,,,20,20,20,20,20,PE_None
10194,355,asd(),1,2,1,BIT_Use,招财猫,招财猫,,heianniaoren,15,25,37,28,40,1:1;2:1;4068:4;16018:3,RT_Extra,cw_shuxing9,10,8,,,2,1,0,,,20,20,20,20,20,PE_None
10195,353,asd(),1,2,1,BIT_Use,番茄精灵,番茄精灵,,heianniaoren,30,40,15,35,20,1:1;2:1;4036:4;16010:3,RT_Extra,cw_shuxing9,10,8,2,,,1,0,,,20,20,20,20,20,PE_None
10196,349,asd(),1,2,1,BIT_Use,狮鹫兽,狮鹫兽,,heianniaoren,27,37,17,47,22,1:1;2:1;4004:4;16014:3,RT_Fly,cw_shuxing6,10,,,6,4,1,0,,,20,20,20,20,20,PE_None
10197,350,asd(),1,2,1,BIT_Use,变种狮鹫兽,变种狮鹫兽,,heianniaoren,31,34,20,45,20,1:1;2:1;4008:4;16014:3,RT_Fly,cw_shuxing6,10,,6,4,,1,0,,,20,20,20,20,20,PE_None
10198,351,asd(),1,2,1,BIT_Use,依格罗斯,依格罗斯,,heianniaoren,23,41,16,49,21,1:1;2:1;4012:4;16014:3,RT_Fly,cw_shuxing6,10,4,,,6,1,0,,,20,20,20,20,20,PE_None
10199,352,asd(),1,2,1,BIT_Use,布雷欧,布雷欧,,heianniaoren,25,39,14,52,20,1:1;2:1;4020:4;16014:3,RT_Fly,cw_shuxing6,10,6,4,,,1,0,,,20,20,20,20,20,PE_None
10263,133,asd(),1,1,1,BIT_Use,冰石怪,极寒石怪,,heianniaoren,30,25,33,10,12,1:1;2:1;1061:4;1001:4;1011:4,RT_Extra,cw_shuxing9,6,,6,4,,0,0,,,20,20,20,20,20,PE_None
10264,135,asd(),1,1,1,BIT_Use,地石怪,熔岩石怪,,heianniaoren,30,25,33,10,12,1:1;2:1;1061:4;4008:4;1081:4,RT_Extra,cw_shuxing9,6,,,10,,0,0,,,20,20,20,20,20,PE_None
10265,376,asd(),1,1,1,BIT_Use,水狼,永冻之虎,,heianniaoren,20,29,19,30,12,1:1;2:1;1051:4,RT_Animal,cw_shuxing2,6,,8,2,,0,0,,,20,20,20,20,20,PE_None
10266,350,asd(),1,1,1,BIT_Use,三彩鸟,炫彩鸟,,heianniaoren,18,13,18,35,26,1:1;2:1;2021:4;2071:4;2121:4,RT_Animal,cw_shuxing2,6,,3,7,,0,0,,,20,20,20,20,20,PE_None
10267,262,asd(),1,1,1,BIT_Use,鬼兽,亡者守卫,,heianniaoren,14,25,16,30,25,1:1;4028:4,RT_Animal,cw_shuxing2,6,,,9,1,0,0,,,20,20,20,20,20,PE_None
10268,373,asd(),1,1,1,BIT_Use,绿龙,大地之龙,,heianniaoren,20,20,20,20,30,1:1;2:1;2361:4;2371:4;2381:4,RT_Dragon,cw_shuxing5,6,,,8,2,0,0,,,20,20,20,20,20,PE_None
10269,130,asd(),1,1,1,BIT_Use,鬼影守卫,魔影守卫,,heianniaoren,25,20,20,25,20,1:1;2:1;2271:4;2141:4;2231:4;2251:4,RT_Extra,cw_shuxing9,6,7,,3,,0,0,,,20,20,20,20,20,PE_None
10270,218,asd(),1,1,1,BIT_Use,迷幻之龙,幻象之龙,,heianniaoren,20,20,20,20,30,1:1;4020:4;2081:7;2091:7;2101:7;2111:7,RT_Extra,cw_shuxing9,6,,,3,7,0,0,,,20,20,20,20,20,PE_None
10271,77,asd(),1,1,1,BIT_Use,破坏野兽,哀嚎野兽,,heianniaoren,30,35,20,13,12,1:1;2:1;2501:5;1021:5;1011:5,RT_Extra,cw_shuxing9,6,,2,,8,0,0,,,20,20,20,20,20,PE_None
10272,374,asd(),1,2,1,BIT_Use,远古意志,先祖之魂,,heianniaoren,22,22,22,22,22,1:1;2:1;2431:10;2401:10;2411:10;2481:10;2491:10,RT_Undead,cw_shuxing4,10,,,2,8,0,0,,,20,20,20,20,20,PE_None
10273,372,asd(),1,2,1,BIT_Use,深渊鬼影,漆黑之影,,heianniaoren,22,22,22,22,22,1:1;4016:4;2271:7;2291:7,RT_Undead,cw_shuxing4,10,,,10,,0,0,,,20,20,20,20,20,PE_None
20000,270,asd(),1,3,1,BIT_Use,改造僵尸,改造僵尸,,jiangshi,41,36,16,26,16,1:1;2:1;16009:2,RT_Undead,cw_shuxing4,8,,,4,6,1,0,,,20,20,20,20,20,PE_None
20001,272,asd(),1,3,1,BIT_Use,改造堕落贼鼠,改造堕落贼鼠,,dadishu,11,18,25,41,40,1:1;2:1;16017:2,RT_Animal,cw_shuxing2,8,,,10,,1,0,,,20,20,20,20,20,PE_None
20002,276,asd(),1,3,1,BIT_Use,改造扫把蝙蝠,改造扫把蝙蝠,,saobabianfu,6,44,6,33,46,1:1;2:1;16013:2,RT_Fly,cw_shuxing6,8,4,6,,,1,0,,,20,20,20,20,20,PE_None
20003,279,asd(),1,3,1,BIT_Use,改造水蜘蛛,改造水蜘蛛,,shuizhizhu,28,20,21,24,42,1:1;2:1;16004:1;16008:1,RT_Insect,cw_shuxing7,8,,10,,,1,0,,,20,20,20,20,20,PE_None
20004,271,asd(),1,3,1,BIT_Use,改造丛林臭臭花,改造丛林臭臭花,,lvsekouchougui,50,25,18,17,25,1:1;2:1;16016:1;16020:1,RT_Plant,cw_shuxing3,8,,,9,1,1,0,,,20,20,20,20,20,PE_None
20005,269,asd(),1,3,1,BIT_Use,改造寒冰翼龙,改造寒冰翼龙,,hanbingyilong,41,31,32,18,13,1:1;2:1;16001:2;16013:2,RT_Dragon,cw_shuxing5,8,,10,,,1,0,,,20,20,20,20,20,PE_None
20006,274,asd(),1,3,1,BIT_Use,改造鸟人,改造鸟人,,niaoren,20,20,20,50,25,1:1;2:1;16013:2;16016:1,RT_Fly,cw_shuxing6,8,,,9,1,1,0,,,20,20,20,20,20,PE_None
20007,277,asd(),1,3,1,BIT_Use,改造极寒小魔怪,改造极寒小魔怪,,shuilanniaomo,22,9,20,37,47,1:1;2:1;16008:1;16020:1,RT_Extra,cw_shuxing9,8,,7,3,,1,0,,,20,20,20,20,20,PE_None
20008,268,asd(),1,3,1,BIT_Use,改造异域魔犬,改造异域魔犬,,diyuyaoquan,22,55,20,21,17,1:1;2:1;16008:1,RT_Animal,cw_shuxing2,8,,,4,6,1,0,,,20,20,20,20,20,PE_None
20009,278,asd(),1,3,1,BIT_Use,改造暗水蝎,改造暗水蝎,,lanxie,8,32,27,53,15,1:1;2:1;16005:2;16009:2,RT_Insect,cw_shuxing7,8,1,9,,,1,0,,,20,20,20,20,20,PE_None
20010,275,asd(),1,3,1,BIT_Use,改造树精,改造树精,,shuguai,51,34,34,10,6,1:1;2:1;16005:2;16017:2,RT_Plant,cw_shuxing3,8,2,8,,,1,0,,,20,20,20,20,20,PE_None
20011,273,asd(),1,3,1,BIT_Use,改造黄蜂,改造黄蜂,,huangfeng,22,42,15,48,8,1:1;2:1;16013:2,RT_Insect,cw_shuxing7,8,7,,,3,1,0,,,20,20,20,20,20,PE_None
30000,49,asd(),1,2,1,BIT_Use,盗匪精英,盗匪菁英,,xiongmaotouxiang,42,35,18,37,18,1:1;2:1;16010:3;16025:2,RT_Human,cw_shuxing1,10,,6,4,,1,0,,,20,20,20,20,20,PE_None
30001,68,asd(),1,2,1,BIT_Use,海巨龙,海巨龙,,bianfu,35,10,35,30,70,1:1;2:1;4072:8;4088:8;16018:3,RT_Dragon,cw_shuxing5,10,,,10,,1,0,,,20,20,20,20,20,PE_None
30002,76,asd(),1,2,1,BIT_Use,巨人巴精英,巨人菁英,,xiongmaotouxiang,38,45,33,20,14,1:1;2:1;4027:3;16001:2;16009:2,RT_Human,cw_shuxing1,10,,6,4,,1,0,,,20,20,20,20,20,PE_None
30003,2,asd(),1,2,1,BIT_Use,牛头人精英,牛头人菁英,,niutouguai,60,40,11,20,19,1:1;2:1;4039:3;16001:2;16009:2,RT_Human,cw_shuxing1,10,2,8,,,1,0,,,20,20,20,20,20,PE_None
30004,129,asd(),1,2,1,BIT_Use,魔族人白精英,魔族人白菁英,,mifeng,38,40,18,32,22,1:1;2:1;4031:3;16001:2;16009:2,RT_Human,cw_shuxing1,10,8,2,,,1,0,,,20,20,20,20,20,PE_None
30005,133,asd(),1,2,1,BIT_Bag,魔像精英,魔像菁英,,xiongmaotouxiang,32,18,23,17,45,1:1;2:1,RT_Extra,cw_shuxing9,6,,6,4,,0,0,,,20,20,20,20,20,PE_None
30006,132,asd(),1,2,1,BIT_Use,斥候精英,斥候菁英,,xiongmaotouxiang,22,40,31,37,15,1:1;2:1;16013:2;16025:2,RT_Human,cw_shuxing1,10,,6,4,,1,0,,,20,20,20,20,20,PE_None
30007,43,asd(),1,2,1,BIT_Use,沙巨龙,沙巨龙,,bianfu,34,69,22,35,20,1:1;2:1;4028:4;16002:3,RT_Dragon,cw_shuxing5,10,,,10,,1,0,,,20,20,20,20,20,PE_None
30008,130,asd(),1,2,1,BIT_Use,魔族人红精英,魔族人红菁英,,xiongmaotouxiang,22,32,27,47,22,1:1;2:1;4043:3;16001:2;16009:2,RT_Human,cw_shuxing1,10,,6,4,,1,0,,,20,20,20,20,20,PE_None
30009,71,asd(),1,2,1,BIT_Use,远古黑龙,远古黑龙,,xiongmaotouxiang,44,43,43,30,20,1:1;2:1;4032:4;16002:3,RT_Dragon,cw_shuxing5,10,,6,4,,1,0,,,20,20,20,20,20,PE_None
30010,131,asd(),1,2,1,BIT_Use,魔族人黑精英,魔族人黑菁英,,xiongmaotouxiang,29,40,32,22,27,1:1;2:1;4003:3;16001:2;16009:2,RT_Human,cw_shuxing1,10,,6,4,,1,0,,,20,20,20,20,20,PE_None
30011,70,asd(),1,2,1,BIT_Use,银龙,银龙,,xiongmaotouxiang,26,52,22,60,20,1:1;2:1;4008:4;16002:3,RT_Dragon,cw_shuxing5,10,,6,4,,1,0,,,20,20,20,20,20,PE_None
30012,196,asd(),1,2,1,BIT_Bag,死灵法师精英,死灵法师菁英,,xiongmaotouxiang,28,15,22,27,48,1:1;2:1,RT_Human,cw_shuxing1,6,,6,4,,0,0,,,20,20,20,20,20,PE_None
40001,3,asd(),1,1,1,BIT_Bag,哥布林,哥布林,101|3,gebulin,27,27,27,17,7,1:1;4037:1,RT_Human,cw_shuxing1,6,,3,7,,0,10,,,20,20,20,20,20,PE_None
40002,233,asd(),1,1,1,BIT_Bag,螳螂,螳螂,40|9,tanglang,16,44,22,27,11,1:1;4029:1,RT_Insect,cw_shuxing7,6,,,6,4,0,10,,,20,20,20,20,20,PE_None
40003,44,asd(),1,1,1,BIT_Bag,大蝙蝠,大蝙蝠,,dabianfu,23,28,23,28,13,1:1;4044:4,RT_Fly,cw_shuxing6,6,,3,7,,0,10,,,20,20,20,20,20,PE_None
40004,81,asd(),1,1,1,BIT_Bag,食尸鬼,食尸鬼,105|3,shishigui,32,32,17,7,17,1:1;4060:4,RT_Undead,cw_shuxing4,6,6,,,4,0,10,,,20,20,20,20,20,PE_None
40005,140,asd(),1,1,1,BIT_Bag,屠龙刃使魔,屠龙刃使魔,,shalongzhiren,17,37,41,11,19,1:1;4044:4,RT_Metal,cw_shuxing8,6,1,9,,,0,10,,,20,20,20,20,20,PE_None
40006,138,asd(),1,1,1,BIT_Bag,烈焰刃使魔,烈焰刃使魔,,huoyanzhiren,10,39,28,12,31,1:1;2461:1,RT_Metal,cw_shuxing8,6,9,,,1,0,10,,,20,20,20,20,20,PE_None
40007,161,asd(),1,1,1,BIT_Bag,堕落贼鼠,堕落贼鼠,,dadishu,6,13,20,26,35,1:1;4052:4,RT_Animal,cw_shuxing2,6,,,10,,0,10,,,20,20,20,20,20,PE_None
40008,158,asd(),1,1,1,BIT_Bag,盗王之鼠,盗王之鼠,,baoshishu,7,7,22,27,37,1:1;4076:4,RT_Animal,cw_shuxing2,6,,,,10,0,10,,,20,20,20,20,20,PE_None
40009,98,asd(),1,1,1,BIT_Bag,地龙蜥,地龙蜥,306|2,dilongxi,29,34,34,15,8,1:1;4005:1,RT_Animal,cw_shuxing2,6,,2,8,,0,10,,,20,20,20,20,20,PE_None
40010,97,asd(),1,1,1,BIT_Bag,水龙蜥,水龙蜥,,shuilongxi,36,38,34,11,6,1:1;4005:1,RT_Animal,cw_shuxing2,6,2,8,,,0,10,,,20,20,20,20,20,PE_None
40011,26,asd(),1,1,1,BIT_Bag,火龙蜥,火龙蜥,,huolongxi,32,37,37,12,7,1:1;4046:2,RT_Animal,cw_shuxing2,6,8,,,2,0,10,,,20,20,20,20,20,PE_None
40012,99,asd(),1,1,1,BIT_Bag,风龙蜥,风龙蜥,,fenglongxi,35,35,31,10,9,1:1;4030:2,RT_Animal,cw_shuxing2,6,,,2,8,0,10,,,20,20,20,20,20,PE_None
40013,133,asd(),1,1,1,BIT_Bag,冰怪,冰怪,5|1,bingguai,20,30,46,7,12,1:1;2411:1,RT_Extra,cw_shuxing9,6,,10,,,0,10,,,20,20,20,20,20,PE_None
40014,135,asd(),1,1,1,BIT_Bag,石怪,石怪,40|12,shiguai,15,38,43,6,13,1:1;2:1,RT_Extra,cw_shuxing9,6,,,10,,0,10,,,20,20,20,20,20,PE_None
40015,134,asd(),1,1,1,BIT_Bag,银怪,银怪,,yinguai,10,32,48,8,17,1:1;2:1,RT_Extra,cw_shuxing9,6,10,,,,0,10,,,20,20,20,20,20,PE_None
40016,136,asd(),1,1,1,BIT_Bag,金怪,金怪,,jinguai,14,41,40,5,15,1:1;2:1,RT_Extra,cw_shuxing9,6,,,,10,0,10,,,20,20,20,20,20,PE_None
40017,21,asd(),1,1,1,BIT_Bag,绿蛙恐怖箱,绿蛙恐怖箱,,lvwaxiarenxiang,13,35,29,10,23,1:1;2:1,RT_Metal,cw_shuxing8,6,,,8,2,0,10,,,20,20,20,20,20,PE_None
40018,19,asd(),1,1,1,BIT_Bag,纯白恐怖箱,纯白恐怖箱,,chunbaixiarenxiang,9,24,29,11,37,1:1;2:1,RT_Metal,cw_shuxing8,6,,,5,5,0,10,,,20,20,20,20,20,PE_None
40019,17,asd(),1,1,1,BIT_Bag,狂暴刺球,狂暴刺球,40|4,fengbaoxianrenzhang,27,29,22,12,20,1:1;4016:4,RT_Plant,cw_shuxing3,6,,5,5,,0,10,,,20,20,20,20,20,PE_None
40020,100,asd(),1,1,1,BIT_Bag,功夫刺魔,功夫刺魔,,wushuxianrenzhang,24,32,27,10,17,1:1;4020:4,RT_Plant,cw_shuxing3,6,,5,5,,0,10,,,20,20,20,20,20,PE_None
40021,235,asd(),1,1,1,BIT_Bag,血眼螳螂,血眼螳螂,,chimutanglang,14,44,19,29,14,1:1;4028:4,RT_Insect,cw_shuxing7,6,4,,,6,0,10,,,20,20,20,20,20,PE_None
40022,236,asd(),1,1,1,BIT_Bag,绝望螳螂,绝望螳螂,,sihuitanglang,15,40,17,33,15,1:1;4032:4,RT_Insect,cw_shuxing7,6,5,5,,,0,10,,,20,20,20,20,20,PE_None
40023,237,asd(),1,1,1,BIT_Bag,夺命螳螂,夺命螳螂,5|7,zhimingtanglang,20,43,18,27,12,1:1;4040:4,RT_Insect,cw_shuxing7,6,,6,4,,0,10,,,20,20,20,20,20,PE_None
40024,182,asd(),1,1,1,BIT_Bag,魔王蟹,魔王蟹,,emopangxie,16,32,35,11,11,1:1;4008:4,RT_Animal,cw_shuxing2,6,8,2,,,0,10,,,20,20,20,20,20,PE_None
40025,181,asd(),1,1,1,BIT_Bag,晶石蟹,晶石蟹,,shuijingpangxie,18,31,36,10,10,1:1;4012:4,RT_Animal,cw_shuxing2,6,2,8,,,0,10,,,20,20,20,20,20,PE_None
40026,216,asd(),1,1,1,BIT_Bag,大地翼龙,大地翼龙,,dadiyilong,29,28,32,20,11,1:1;2:1,RT_Dragon,cw_shuxing5,6,,,10,,0,10,,,20,20,20,20,20,PE_None
40027,217,asd(),1,1,1,BIT_Bag,寒冰翼龙,寒冰翼龙,,hanbingyilong,30,30,31,17,12,1:1;2:1;2361:2,RT_Dragon,cw_shuxing5,6,,10,,,0,10,,,20,20,20,20,20,PE_None
40028,215,asd(),1,1,1,BIT_Bag,火焰翼龙,火焰翼龙,,huoyanyilong,33,33,25,16,13,1:1;2:1,RT_Dragon,cw_shuxing5,6,10,,,,0,10,,,20,20,20,20,20,PE_None
40029,218,asd(),1,1,1,BIT_Bag,烈风翼龙,烈风翼龙,,liefengyilong,32,30,23,20,15,1:1;2:1;2461:1;2191:4,RT_Dragon,cw_shuxing5,6,,,,10,0,10,,,20,20,20,20,20,PE_None
40030,83,asd(),1,1,1,BIT_Bag,单眼巨人,单眼巨人,5|5,danyanjuren,34,34,20,12,20,1:1;2:1,RT_Human,cw_shuxing1,6,,10,,,0,10,,,20,20,20,20,20,PE_None
40031,85,asd(),1,1,1,BIT_Bag,泰坦巨人,泰坦巨人,207|2,taitanjuren,39,30,28,8,15,1:1;2:1,RT_Human,cw_shuxing1,6,,,,10,0,10,,,20,20,20,20,20,PE_None
40032,84,asd(),1,1,1,BIT_Bag,巨神魔,巨神魔,,yatelasijushen,37,37,17,17,12,1:1;2:1,RT_Human,cw_shuxing1,6,10,,,,0,10,,,20,20,20,20,20,PE_None
40033,42,asd(),1,1,1,BIT_Bag,盗贼,盗贼,,daozei,23,28,21,32,12,1:1;2:1,RT_Human,cw_shuxing1,6,5,,,5,0,10,,,20,20,20,20,20,PE_None
40034,163,asd(),1,1,1,BIT_Bag,山贼,山贼,5|2,shanzei,28,27,24,26,10,1:1;2:1,RT_Human,cw_shuxing1,6,,,5,5,0,10,,,20,20,20,20,20,PE_None
40035,164,asd(),1,1,1,BIT_Bag,海贼,海贼,,haizei,19,31,23,28,14,1:1;2:1,RT_Human,cw_shuxing1,6,5,5,,,0,10,,,20,20,20,20,20,PE_None
40036,295,asd(),1,2,1,BIT_Bag,伊尔丹,伊尔丹,,haizei,19,31,23,28,14,1:1;4016:4;1051:7,RT_Human,cw_shuxing1,6,5,5,,,0,0,,,20,20,20,20,20,PE_None
40037,259,asd(),1,2,1,BIT_Bag,沙漠九头蛇,沙漠九头蛇,,haizei,19,31,23,28,14,1:1;4020:4;1021:7,RT_Human,cw_shuxing1,6,5,5,,,0,0,,,20,20,20,20,20,PE_None
40038,201,asd(),1,2,1,BIT_Bag,守卫者,守卫者,,haizei,19,31,23,28,14,1:1;4028:4;1061:7;1011:7,RT_Human,cw_shuxing1,6,5,5,,,0,0,,,20,20,20,20,20,PE_None
40039,249,asd(),1,2,1,BIT_Bag,沙盗头目 珀艾,沙盗头目 珀艾,,haizei,19,31,23,28,14,1:1;4032:4;2261:7;2251:7,RT_Human,cw_shuxing1,6,5,5,,,0,0,,,20,20,20,20,20,PE_None
40040,25,asd(),1,2,1,BIT_Bag,遗忘的罪人,遗忘的罪人,,haizei,19,31,23,28,14,1:1;4040:4;5504:1;4048:4;4020:4,RT_Human,cw_shuxing1,6,5,5,,,0,0,,,20,20,20,20,20,PE_None
40041,131,asd(),1,2,1,BIT_Bag,魔族先锋阿修斯,魔族先锋阿修斯,,haizei,19,31,23,28,14,1:1;4008:4;2001:7;2011:7;2021:7;2031:7,RT_Human,cw_shuxing1,6,5,5,,,0,0,,,20,20,20,20,20,PE_None
40042,132,asd(),1,2,1,BIT_Bag,魔将杰尼斯,魔将杰尼斯,,haizei,19,31,23,28,14,1:1;4012:4;2041:7;2051:7;2061:7;2071:7,RT_Human,cw_shuxing1,6,5,5,,,0,0,,,20,20,20,20,20,PE_None
40043,193,asd(),1,2,1,BIT_Bag,邪术师休伯特,邪术师休伯特,,haizei,19,31,23,28,14,1:1;4016:4;2271:7;2291:7,RT_Human,cw_shuxing1,6,5,5,,,0,0,,,20,20,20,20,20,PE_None
40044,228,asd(),1,2,1,BIT_Bag,恐怖领主法德里亚诺,恐怖领主法德里亚诺,,haizei,19,31,23,28,14,1:1;4020:4;2081:7;2091:7;2101:7;2111:7,RT_Human,cw_shuxing1,6,5,5,,,0,0,,,20,20,20,20,20,PE_None
40045,68,asd(),1,2,1,BIT_Bag,远古冰龙奥斯迪麦尔,远古冰龙奥斯迪麦尔,,haizei,19,31,23,28,14,1:1;4028:4;5500:1,RT_Human,cw_shuxing1,6,5,5,,,0,0,,,20,20,20,20,20,PE_None
40046,134,asd(),1,2,1,BIT_Bag,火焰石碑守护者,地石碑守护,,haizei,19,31,23,28,14,1:1;1001:7;1011:7;1021:7;1061:7;5501:1,RT_Human,cw_shuxing1,6,5,5,,,0,0,,,20,20,20,20,20,PE_None
40047,216,asd(),1,2,1,BIT_Bag,地龙,地石碑守护,,haizei,19,31,23,28,14,1:1;2:1;5513:1,RT_Human,cw_shuxing1,6,5,5,,,0,0,,,20,20,20,20,20,PE_None
40048,133,asd(),1,2,1,BIT_Bag,寒冰石碑守护者,水石碑守护,,haizei,19,31,23,28,14,1:1;2121:7;2111:7;2101:7;2001:7;5501:1,RT_Human,cw_shuxing1,6,5,5,,,0,0,,,20,20,20,20,20,PE_None
40049,217,asd(),1,2,1,BIT_Bag,水龙,地石碑守护,,haizei,19,31,23,28,14,1:1;2:1;4054:6;4070:6,RT_Human,cw_shuxing1,6,5,5,,,0,0,,,20,20,20,20,20,PE_None
40050,136,asd(),1,2,1,BIT_Bag,风暴石碑守护者,火石碑守护,,haizei,19,31,23,28,14,1:1;1051:7;4004:4;4008:4;4020:4;5504:1;5501:1,RT_Human,cw_shuxing1,6,5,5,,,0,0,,,20,20,20,20,20,PE_None
40051,215,asd(),1,2,1,BIT_Bag,火龙,地石碑守护,,haizei,19,31,23,28,14,1:1;2:1;4020:4;4012:4;4004:4,RT_Human,cw_shuxing1,6,5,5,,,0,0,,,20,20,20,20,20,PE_None
40052,135,asd(),1,2,1,BIT_Bag,大地石碑守护者,风石碑守护,,haizei,19,31,23,28,14,1:1;2:1;5501:1,RT_Human,cw_shuxing1,6,5,5,,,0,0,,,20,20,20,20,20,PE_None
40053,218,asd(),1,2,1,BIT_Bag,风龙,地石碑守护,,haizei,19,31,23,28,14,1:1;2:1;2131:6;2141:6;2151:6;2161:6;2171:6,RT_Human,cw_shuxing1,6,5,5,,,0,0,,,20,20,20,20,20,PE_None
40054,247,asd(),1,2,1,BIT_Bag,墓之守卫-泽恩斯,地狱骑士,,haizei,19,31,23,28,14,1:1;2461:10;2471:10;2521:10;2381:10,RT_Human,cw_shuxing1,6,5,5,,,0,0,,,20,20,20,20,20,PE_None
40055,85,asd(),1,2,1,BIT_Bag,岩浆巨人,地石碑守护,,haizei,19,31,23,28,14,1:1;2021:9;2061:9;2101:9,RT_Human,cw_shuxing1,6,5,5,,,0,0,,,20,20,20,20,20,PE_None
40056,295,asd(),1,2,1,BIT_Bag,余烬巨人,地石碑守护,,haizei,19,31,23,28,14,1:1;2:1;1011:4,RT_Human,cw_shuxing1,6,5,5,,,0,0,,,20,20,20,20,20,PE_None
40057,320,asd(),1,2,1,BIT_Bag,火焰领主,水石碑守护,,haizei,19,31,23,28,14,1:1;2:1;5512:1,RT_Human,cw_shuxing1,6,5,5,,,0,0,,,20,20,20,20,20,PE_None
40058,73,asd(),1,2,1,BIT_Bag,古代熔岩犬,火石碑守护,,haizei,19,31,23,28,14,1:1;2:1;2251:7;2261:7;2271:7;2291:7;2101:7;5514:1,RT_Human,cw_shuxing1,6,5,5,,,0,0,,,20,20,20,20,20,PE_None
40059,151,asd(),1,2,1,BIT_Bag,小鬼,风石碑守护,,haizei,19,31,23,28,14,1:1;2:1;4012:4;4016:4,RT_Human,cw_shuxing1,6,5,5,,,0,0,,,20,20,20,20,20,PE_None
40060,302,asd(),1,2,1,BIT_Bag,火焰之王 欧司里德,地狱骑士,,haizei,19,31,23,28,14,1:1;2:1;2251:7;2261:7;2271:7;2291:7;2491:7;2481:7,RT_Human,cw_shuxing1,6,5,5,,,0,0,,,20,20,20,20,20,PE_None
40061,240,asd(),1,2,1,BIT_Bag,地精,水石碑守护,,haizei,19,31,23,28,14,1:1;2:1;1021:7;1011:7,RT_Human,cw_shuxing1,6,5,5,,,0,0,,,20,20,20,20,20,PE_None
40062,239,asd(),1,2,1,BIT_Bag,火精,火石碑守护,,haizei,19,31,23,28,14,1:1;2:1;1001:7;1061:7,RT_Human,cw_shuxing1,6,5,5,,,0,0,,,20,20,20,20,20,PE_None
40063,241,asd(),1,2,1,BIT_Bag,风精,风石碑守护,,haizei,19,31,23,28,14,1:1;2:1;2041:7;2051:7;2061:7;2071:7,RT_Human,cw_shuxing1,6,5,5,,,0,0,,,20,20,20,20,20,PE_None
40064,242,asd(),1,2,1,BIT_Bag,水精,地狱骑士,,haizei,19,31,23,28,14,1:1;2:1,RT_Human,cw_shuxing1,6,5,5,,,0,0,,,20,20,20,20,20,PE_None
40065,333,asd(),1,2,1,BIT_Bag,虫族先锋,风石碑守护,,haizei,19,31,23,28,14,1:1;2:1;4004:4;4008:4;4020:4;1001:10,RT_Human,cw_shuxing1,6,5,5,,,0,0,,,20,20,20,20,20,PE_None
40066,98,asd(),1,2,1,BIT_Bag,龙族先锋,地狱骑士,,haizei,19,31,23,28,14,1:1;2:1;1051:10;1091:5,RT_Human,cw_shuxing1,6,5,5,,,0,0,,,20,20,20,20,20,PE_None
40067,328,asd(),1,2,1,BIT_Bag,虫族领主,水石碑守护,,haizei,19,31,23,28,14,1:1;2:1;2081:10;2091:10;2101:10;2111:10;5516:1,RT_Human,cw_shuxing1,6,5,5,,,0,0,,,20,20,20,20,20,PE_None
40068,70,asd(),1,2,1,BIT_Bag,龙族领主,火石碑守护,,haizei,19,31,23,28,14,1:1;2:1;1001:10;2381:10,RT_Human,cw_shuxing1,6,5,5,,,0,0,,,20,20,20,20,20,PE_None
40069,155,asd(),1,2,1,BIT_Bag,虫后 洁,风石碑守护,,haizei,19,31,23,28,14,1:1;2:1;1001:10;1061:10;5501:1,RT_Human,cw_shuxing1,6,5,5,,,0,0,,,20,20,20,20,20,PE_None
40070,324,asd(),1,2,1,BIT_Bag,龙王 隆都,地狱骑士,,haizei,19,31,23,28,14,1:1;2:1;5504:1,RT_Human,cw_shuxing1,6,5,5,,,0,0,,,20,20,20,20,20,PE_None
40071,323,asd(),1,2,1,BIT_Bag,随从,地狱骑士,,haizei,19,31,23,28,14,1:1;2:1;1091:10;5504:1,RT_Human,cw_shuxing1,6,5,5,,,0,0,,,20,20,20,20,20,PE_None
40072,323,asd(),1,2,1,BIT_Bag,随从,地狱骑士,,haizei,19,31,23,28,14,1:1;2:1,RT_Human,cw_shuxing1,6,5,5,,,0,0,,,20,20,20,20,20,PE_None
40073,323,asd(),1,2,1,BIT_Bag,随从,地狱骑士,,haizei,19,31,23,28,14,1:1;2:1;1001:7;5504:1,RT_Human,cw_shuxing1,6,5,5,,,0,0,,,20,20,20,20,20,PE_None
40074,323,asd(),1,2,1,BIT_Bag,随从,地狱骑士,,haizei,19,31,23,28,14,1:1;2:1;1081:10,RT_Human,cw_shuxing1,6,5,5,,,0,0,,,20,20,20,20,20,PE_None
40075,323,asd(),1,2,1,BIT_Bag,随从,地狱骑士,,haizei,19,31,23,28,14,1:1;2:1;1081:10,RT_Human,cw_shuxing1,6,5,5,,,0,0,,,20,20,20,20,20,PE_None
40076,323,asd(),1,2,1,BIT_Bag,精英随从,地狱骑士,,haizei,19,31,23,28,14,1:1;5515:1,RT_Human,cw_shuxing1,6,5,5,,,0,0,,,20,20,20,20,20,PE_None
40077,239,asd(),1,2,1,BIT_Bag,火元素,水石碑守护,,haizei,19,31,23,28,14,1:1;2:1;2131:5;2191:5;2251:5,RT_Human,cw_shuxing1,6,5,5,,,0,0,,,20,20,20,20,20,PE_None
40078,241,asd(),1,2,1,BIT_Bag,水元素,火石碑守护,,haizei,19,31,23,28,14,1:1;2:1;2141:5;2201:5;2261:5,RT_Human,cw_shuxing1,6,5,5,,,0,0,,,20,20,20,20,20,PE_None
40079,242,asd(),1,2,1,BIT_Bag,地元素,风石碑守护,,haizei,19,31,23,28,14,1:1;2:1;2151:5;2211:5;2271:5,RT_Human,cw_shuxing1,6,5,5,,,0,0,,,20,20,20,20,20,PE_None
40080,240,asd(),1,2,1,BIT_Bag,风元素,地狱骑士,,haizei,19,31,23,28,14,1:1;2:1;2171:5;2231:5;2291:5,RT_Human,cw_shuxing1,6,5,5,,,0,0,,,20,20,20,20,20,PE_None
40081,124,asd(),1,2,1,BIT_Bag,残暴,地狱骑士,,haizei,19,31,23,28,14,1:1;2:1;1001:10;1021:10,RT_Human,cw_shuxing1,6,5,5,,,0,0,,,20,20,20,20,20,PE_None
40082,127,asd(),1,2,1,BIT_Bag,邪恶,地狱骑士,,haizei,19,31,23,28,14,1:1;2:1;1021:10;1061:6;2501:10,RT_Human,cw_shuxing1,6,5,5,,,0,0,,,20,20,20,20,20,PE_None
40083,126,asd(),1,2,1,BIT_Bag,暴虐,地狱骑士,,haizei,19,31,23,28,14,1:1;2:1;1021:10;1091:5,RT_Human,cw_shuxing1,6,5,5,,,0,0,,,20,20,20,20,20,PE_None
40084,135,asd(),1,2,1,BIT_Bag,初级实验体,地狱骑士,,haizei,19,31,23,28,14,1:1;2:1;2081:5;2411:10;2441:10;2451:10,RT_Human,cw_shuxing1,6,5,5,,,0,0,,,20,20,20,20,20,PE_None
40085,134,asd(),1,2,1,BIT_Bag,中级实验体,地狱骑士,,haizei,19,31,23,28,14,1:1;2:1;2091:5;2421:10;2461:10;2471:10,RT_Human,cw_shuxing1,6,5,5,,,0,0,,,20,20,20,20,20,PE_None
40086,136,asd(),1,2,1,BIT_Bag,高级实验体,地狱骑士,,haizei,19,31,23,28,14,1:1;2:1;2071:5;2431:10;2481:10;2491:10,RT_Human,cw_shuxing1,6,5,5,,,0,0,,,20,20,20,20,20,PE_None
40087,247,asd(),1,2,1,BIT_Bag,失控的暗黑僧侣,失控的暗黑僧侣,,heianniaoren,22,42,27,17,42,1:1;2:1;2081:7;2121:7;2121:7;2471:7,RT_Undead,cw_shuxing4,10,,10,,,1,0,,,20,20,20,20,20,PE_None
40088,355,asd(),1,2,1,BIT_Bag,失控的招财猫,失控的招财猫,,heianniaoren,15,25,37,28,40,1:1;2:1;1061:7;1001:7;2171:7;1081:7,RT_Extra,cw_shuxing9,10,8,,,2,1,0,,,20,20,20,20,20,PE_None
40089,353,asd(),1,2,1,BIT_Bag,失控的番茄精灵,失控的番茄精灵,,heianniaoren,30,40,15,35,20,1:1;2:1;1051:7;2261:7;1021:7;2471:7,RT_Extra,cw_shuxing9,10,8,2,,,1,0,,,20,20,20,20,20,PE_None
40090,349,asd(),1,2,1,BIT_Bag,失控的狮鹫兽,失控的狮鹫兽,,heianniaoren,27,37,17,47,22,1:1;2:1;1061:7;1011:7;1021:7;2291:7,RT_Fly,cw_shuxing6,10,,,6,4,1,0,,,20,20,20,20,20,PE_None
40091,378,asd(),1,2,1,BIT_Bag,失控的中枢管理员,失控的中枢管理员,,heianniaoren,31,34,20,45,20,1:1;2:1;2291:8;2151:8;2091:8;2021:8,RT_Fly,cw_shuxing6,10,,6,4,,1,0,,,20,20,20,20,20,PE_None
40092,379,asd(),1,2,1,BIT_Bag,失控的维修工具T1,失控的维修工具T1,,heianniaoren,26,26,26,26,26,1:1;2:1;2171:4;2481:4;2491:4,RT_Fly,cw_shuxing6,10,,,6,4,1,0,,,20,20,20,20,20,PE_None
40093,380,asd(),1,2,1,BIT_Bag,失控的机器守卫T1,失控的机器守卫T1,,heianniaoren,26,26,26,26,26,1:1;2:1;2501:4;1011:4;2451:4,RT_Fly,cw_shuxing6,10,,6,4,,1,0,,,20,20,20,20,20,PE_None
40094,379,asd(),1,2,1,BIT_Bag,失控的维修工具T2,失控的维修工具T2,,heianniaoren,26,26,26,26,26,1:1;2:1;2171:5;2481:5;2491:5,RT_Fly,cw_shuxing6,10,,,6,4,1,0,,,20,20,20,20,20,PE_None
40095,380,asd(),1,2,1,BIT_Bag,失控的机器守卫T2,失控的机器守卫T2,,heianniaoren,26,26,26,26,26,1:1;2:1;2501:5;1011:5;2451:5,RT_Fly,cw_shuxing6,10,,6,4,,1,0,,,20,20,20,20,20,PE_None
40096,379,asd(),1,2,1,BIT_Bag,失控的维修工具T3,失控的维修工具T3,,heianniaoren,26,26,26,26,26,1:1;2:1;2171:6;2481:6;2491:6,RT_Fly,cw_shuxing6,10,,,6,4,1,0,,,20,20,20,20,20,PE_None
40097,380,asd(),1,2,1,BIT_Bag,失控的机器守卫T3,失控的机器守卫T3,,heianniaoren,26,26,26,26,26,1:1;2:1;2501:6;1011:6;2451:6,RT_Fly,cw_shuxing6,10,,6,4,,1,0,,,20,20,20,20,20,PE_None
50000,24,asd(),1,1,1,BIT_Bag,海底龟,海底龟,,haidigui,23,20,45,4,18,1:1;2:1,RT_Animal,cw_shuxing2,6,,5,5,,0,0,,,20,20,20,20,20,PE_None
50001,171,asd(),1,1,1,BIT_Bag,烈焰龟,烈焰龟,,huoyangui,27,17,42,7,17,1:1;2:1;4001:1,RT_Animal,cw_shuxing2,6,5,5,,,0,0,,,20,20,20,20,20,PE_None
50002,170,asd(),1,1,1,BIT_Bag,坚甲龟,坚甲龟,,yingkegui,26,16,47,5,16,1:1;2:1;4113:1,RT_Animal,cw_shuxing2,6,5,,,5,0,0,,,20,20,20,20,20,PE_None
50003,150,asd(),1,1,1,BIT_Bag,虎人,虎人,,huren,22,26,17,19,16,1:1;2:1;4081:1;4105:1,RT_Animal,cw_shuxing2,6,,,3,7,0,0,,,20,20,20,20,20,PE_None
50004,154,asd(),1,1,1,BIT_Bag,猫妖,猫妖,,maoyao,19,24,17,28,17,1:1;2:1;4057:1;4097:1,RT_Animal,cw_shuxing2,6,3,7,,,0,0,,,20,20,20,20,20,PE_None
50005,151,asd(),1,1,1,BIT_Bag,罗刹鬼,罗刹鬼,,luosha,24,25,14,22,20,1:1;2:1;4065:1;4097:1,RT_Animal,cw_shuxing2,6,7,3,,,0,0,,,20,20,20,20,20,PE_None
50006,41,asd(),1,1,1,BIT_Bag,猫人,猫人,,maoren,23,27,15,26,14,1:1;2:1,RT_Animal,cw_shuxing2,6,,,5,5,0,0,,,20,20,20,20,20,PE_None
50007,152,asd(),1,1,1,BIT_Bag,地狱魔猫,地狱魔猫,,emomao,21,23,12,27,22,1:1;2:1;4008:4,RT_Animal,cw_shuxing2,6,,,7,3,0,0,,,20,20,20,20,20,PE_None
50008,153,asd(),1,1,1,BIT_Bag,妖狐,妖狐,,yaohu,18,30,11,25,26,1:1;2:1,RT_Animal,cw_shuxing2,6,5,5,,,0,0,,,20,20,20,20,20,PE_None
50009,30,asd(),1,1,1,BIT_Bag,穴熊,穴熊,,xuexiong,34,34,19,19,14,1:1;2:1;4027:3,RT_Animal,cw_shuxing2,6,,2,8,,0,0,,,20,20,20,20,20,PE_None
50010,174,asd(),1,1,1,BIT_Bag,血腥恶熊,血腥恶熊,,chixiong,35,36,15,20,14,1:1;2:1,RT_Animal,cw_shuxing2,6,8,,,2,0,0,,,20,20,20,20,20,PE_None
50011,172,asd(),1,1,1,BIT_Bag,极地战熊,极地战熊,,beijixiong,36,33,22,18,11,1:1;2:1;4037:1,RT_Animal,cw_shuxing2,6,,8,2,,0,0,,,20,20,20,20,20,PE_None
50012,173,asd(),1,1,1,BIT_Bag,暴君熊,暴君熊,,chimuheixiong,33,35,14,22,16,1:1;2:1;4029:1,RT_Animal,cw_shuxing2,6,2,,,8,0,0,,,20,20,20,20,20,PE_None
50013,175,asd(),1,1,1,BIT_Bag,猫熊,猫熊,,maoxiong,32,40,18,17,18,1:1;2:1,RT_Animal,cw_shuxing2,6,5,5,,,0,0,,,20,20,20,20,20,PE_None
50014,161,asd(),1,1,1,BIT_Bag,堕落贼鼠,堕落贼鼠,,dadishu,6,13,20,26,35,1:1;2:1;4051:3;4083:3,RT_Animal,cw_shuxing2,6,,,10,,0,0,,,20,20,20,20,20,PE_None
50015,57,asd(),1,1,1,BIT_Bag,噩梦耗子,噩梦耗子,,emengshu,4,8,18,33,37,1:1;2:1;4089:1;4057:1,RT_Animal,cw_shuxing2,6,,10,,,0,0,,,20,20,20,20,20,PE_None
50016,160,asd(),1,1,1,BIT_Bag,炽热贼鼠,炽热贼鼠,,huoyanshu,7,12,15,34,32,1:1;2:1;4065:1;4097:1,RT_Animal,cw_shuxing2,6,10,,,,0,0,,,20,20,20,20,20,PE_None
50017,158,asd(),1,1,1,BIT_Bag,盗王之鼠,盗王之鼠,,baoshishu,7,7,22,27,37,1:1;2:1;4073:1;4105:1,RT_Animal,cw_shuxing2,6,,,,10,0,0,,,20,20,20,20,20,PE_None
50018,159,asd(),1,1,1,BIT_Bag,雪域贼鼠,雪域贼鼠,,shuilanshu,11,15,28,28,33,1:1;2:1,RT_Animal,cw_shuxing2,6,,5,5,,0,0,,,20,20,20,20,20,PE_None
50019,162,asd(),1,2,1,BIT_Bag,极限鼠王,极限鼠王,,shuwang,20,7,19,52,52,1:1;2:1;16017:2;16021:2,RT_Animal,cw_shuxing2,6,5,,,5,0,0,,,20,20,20,20,20,PE_None
50020,73,asd(),1,1,1,BIT_Bag,地狱看门犬,地狱看门犬,,diyukanmenquan,26,36,12,23,18,1:1;2:1;1001:6,RT_Animal,cw_shuxing2,6,4,6,,,0,0,,,20,20,20,20,20,PE_None
50021,74,asd(),1,1,1,BIT_Bag,巨狼,巨狼,,julang,22,37,11,25,20,1:1;2:1,RT_Animal,cw_shuxing2,6,,4,6,,0,0,,,20,20,20,20,20,PE_None
50022,75,asd(),1,1,1,BIT_Bag,魔域狂犬,魔域狂犬,,diyuliequan,24,35,19,22,15,1:1;2:1;2061:10;2171:10,RT_Animal,cw_shuxing2,6,6,,,4,0,0,,,20,20,20,20,20,PE_None
50023,27,asd(),1,1,1,BIT_Bag,异域魔犬,异域魔犬,,diyuyaoquan,23,40,13,21,18,1:1;2:1;4031:3,RT_Animal,cw_shuxing2,4,,,4,6,0,0,,,20,20,20,20,20,PE_None
50024,16,asd(),1,1,1,BIT_Bag,僵尸,僵尸,,jiangshi,37,32,12,12,12,1:1;2:1;4029:1,RT_Undead,cw_shuxing4,4,,,4,6,0,0,,,20,20,20,20,20,PE_None
50025,79,asd(),1,1,1,BIT_Bag,丧尸,丧尸,,sangshi,35,34,7,15,14,1:1;2:1;1081:5,RT_Undead,cw_shuxing4,6,4,6,,,0,0,,,20,20,20,20,20,PE_None
50026,81,asd(),1,1,1,BIT_Bag,食尸鬼,食尸鬼,,shishigui,32,32,17,7,17,1:1;2:1;2501:7,RT_Undead,cw_shuxing4,6,6,,,4,0,0,,,20,20,20,20,20,PE_None
50027,82,asd(),1,1,1,BIT_Bag,腐尸,腐尸,,fushi,42,37,12,7,7,1:1;2:1;4057:1;4097:1,RT_Undead,cw_shuxing4,6,,4,6,,0,0,,,20,20,20,20,20,PE_None
50028,80,asd(),1,1,1,BIT_Bag,木乃伊,木乃伊,,munaiyi,39,32,14,8,17,1:1;2:1;4031:3,RT_Undead,cw_shuxing4,6,,,3,7,0,0,,,20,20,20,20,20,PE_None
50029,123,asd(),1,1,1,BIT_Bag,骷髅战士,骷髅战士,,kulouzhanshi,12,27,42,12,17,1:1;2:1;4039:3,RT_Undead,cw_shuxing4,6,,,3,7,0,0,,,20,20,20,20,20,PE_None
50030,125,asd(),1,1,1,BIT_Bag,血骷髅,血骷髅,,xuekulou,13,24,41,10,22,1:1;2:1;1081:7,RT_Undead,cw_shuxing4,6,7,,,3,0,0,,,20,20,20,20,20,PE_None
50031,124,asd(),1,1,1,BIT_Bag,魔域骷髅,魔域骷髅,,diyukulou,14,30,40,11,15,1:1;2:1;1061:7,RT_Undead,cw_shuxing4,6,3,7,,,0,0,,,20,20,20,20,20,PE_None
50032,127,asd(),1,1,1,BIT_Bag,骷髅将军,骷髅将军,,wuzhuangkulou,9,26,47,8,20,1:1;2:1;1021:7;1091:7,RT_Undead,cw_shuxing4,6,,3,7,,0,0,,,20,20,20,20,20,PE_None
50033,126,asd(),1,1,1,BIT_Bag,骷髅海盗,骷髅海盗,,kulouhaidao,12,29,45,13,16,1:1;2:1;4035:3,RT_Undead,cw_shuxing4,6,,5,5,,0,0,,,20,20,20,20,20,PE_None
50034,112,asd(),1,1,1,BIT_Bag,幽灵,幽灵,,youling,19,18,31,20,27,1:1;2:1,RT_Undead,cw_shuxing4,6,,8,2,,0,0,,,20,20,20,20,20,PE_None
50035,113,asd(),1,1,1,BIT_Bag,鬼灵,鬼灵,,guiling,9,21,27,25,33,1:1;2:1,RT_Undead,cw_shuxing4,6,8,,,2,0,0,,,20,20,20,20,20,PE_None
50036,114,asd(),1,1,1,BIT_Bag,亡灵,亡灵,,wangling,14,27,30,15,29,1:1;2:1,RT_Undead,cw_shuxing4,6,2,,,8,0,0,,,20,20,20,20,20,PE_None
50037,25,asd(),1,1,1,BIT_Bag,死灵,死灵,,siling,10,28,32,17,28,1:1;2:1;2031:7,RT_Undead,cw_shuxing4,6,,2,8,,0,0,,,20,20,20,20,20,PE_None
50038,23,asd(),1,1,1,BIT_Bag,石像魔宠,石像魔宠,,xiaoshiguaixiang,16,21,11,31,26,1:1;2:1,RT_Extra,cw_shuxing9,6,,5,5,,0,0,,,20,20,20,20,20,PE_None
50039,184,asd(),1,1,1,BIT_Bag,石像仆从,石像仆从,,shimo,21,20,15,27,27,1:1;2:1,RT_Extra,cw_shuxing9,6,7,,,3,0,0,,,20,20,20,20,20,PE_None
50040,186,asd(),1,1,1,BIT_Bag,极寒小魔怪,极寒小魔怪,,shuilanniaomo,22,23,10,25,25,1:1;2:1,RT_Extra,cw_shuxing9,6,,7,3,,0,0,,,20,20,20,20,20,PE_None
50041,185,asd(),1,1,1,BIT_Bag,小恶魔,小恶魔,,xiaoemo,21,20,9,25,30,1:1;2:1;4019:3,RT_Extra,cw_shuxing9,6,,,7,3,0,0,,,20,20,20,20,20,PE_None
50042,187,asd(),1,1,1,BIT_Bag,石像幼兽,石像幼兽,,minishixiangguai,23,19,10,24,29,1:1;2:1,RT_Extra,cw_shuxing9,6,3,,,7,0,0,,,20,20,20,20,20,PE_None
50043,183,asd(),1,1,1,BIT_Bag,小魔物,小魔物,,qiubite,12,22,7,37,37,1:1;2:1,RT_Extra,cw_shuxing9,6,5,,,5,0,0,,,20,20,20,20,20,PE_None
50044,262,asd(),1,1,1,BIT_Bag,石像怪,石像怪,,shixiangguai,14,30,32,22,22,1:1;2:1;4048:4,RT_Extra,cw_shuxing9,6,,,1,9,0,0,,,20,20,20,20,20,PE_None
50045,259,asd(),1,1,1,BIT_Bag,血魔,血魔,,xuemo,13,31,26,25,25,1:1;2:1;1011:7;1001:7,RT_Extra,cw_shuxing9,6,9,1,,,0,0,,,20,20,20,20,20,PE_None
50046,261,asd(),1,1,1,BIT_Bag,堕天使,堕天使,,duotianshi,11,28,28,27,26,1:1;2:1;2101:7;2121:7,RT_Extra,cw_shuxing9,6,,9,1,,0,0,,,20,20,20,20,20,PE_None
50047,260,asd(),1,1,1,BIT_Bag,恶魔,恶魔,,emo,10,27,26,26,31,1:1;2:1;2111:7;2021:7;2041:7,RT_Extra,cw_shuxing9,6,1,,,9,0,0,,,20,20,20,20,20,PE_None
50048,10,asd(),1,1,1,BIT_Bag,小蝙蝠,小蝙蝠,,xiaobianfu,11,26,16,31,21,1:1;2:1,RT_Fly,cw_shuxing6,6,,4,6,,0,0,,,20,20,20,20,20,PE_None
50049,147,asd(),1,1,1,BIT_Bag,扫把蝙蝠,扫把蝙蝠,,saobabianfu,13,28,12,29,18,1:1;2:1;4013:1,RT_Fly,cw_shuxing6,6,4,6,,,0,0,,,20,20,20,20,20,PE_None
50050,146,asd(),1,1,1,BIT_Bag,迷你蝙蝠,迷你蝙蝠,,minibianfu,11,26,20,27,16,1:1;2:1,RT_Fly,cw_shuxing6,6,6,,,4,0,0,,,20,20,20,20,20,PE_None
50051,149,asd(),1,1,1,BIT_Bag,水果蝙蝠,水果蝙蝠,,shuiguobianfu,17,25,15,26,17,1:1;2:1;4017:1,RT_Fly,cw_shuxing6,6,,,4,6,0,0,,,20,20,20,20,20,PE_None
50052,145,asd(),1,1,1,BIT_Bag,恶魔蝙蝠,恶魔蝙蝠,,emobianfu,13,34,10,29,24,1:1;2:1;1062:5,RT_Fly,cw_shuxing6,6,2,8,,,0,0,,,20,20,20,20,20,PE_None
50053,148,asd(),1,1,1,BIT_Bag,天使蝙蝠,天使蝙蝠,,tianshibianfu,9,22,12,37,30,1:1;2:1;2011:5,RT_Fly,cw_shuxing6,6,,,2,8,0,0,,,20,20,20,20,20,PE_None
50054,44,asd(),1,1,1,BIT_Bag,大蝙蝠,大蝙蝠,,dabianfu,23,28,23,28,13,1:1;2:1,RT_Fly,cw_shuxing6,6,,3,7,,0,0,,,20,20,20,20,20,PE_None
50055,143,asd(),1,1,1,BIT_Bag,巨蝙蝠,巨蝙蝠,,jubianfu,27,30,22,24,12,1:1;2:1;4105:1,RT_Fly,cw_shuxing6,6,3,,,7,0,0,,,20,20,20,20,20,PE_None
50056,141,asd(),1,1,1,BIT_Bag,海蝙蝠,海蝙蝠,,haibianfu,18,29,27,30,11,1:1;2:1,RT_Fly,cw_shuxing6,6,,7,3,,0,0,,,20,20,20,20,20,PE_None
50057,142,asd(),1,1,1,BIT_Bag,胖蝙蝠,胖蝙蝠,,pangbianfu,25,24,20,26,20,1:1;2:1;4017:1,RT_Fly,cw_shuxing6,6,7,,,3,0,0,,,20,20,20,20,20,PE_None
50058,144,asd(),1,1,1,BIT_Bag,兔耳蝙蝠,兔耳蝙蝠,,tuerbianfu,21,26,18,31,14,1:1;2:1,RT_Fly,cw_shuxing6,6,5,5,,,0,0,,,20,20,20,20,20,PE_None
50059,188,asd(),1,1,1,BIT_Bag,暗水蝎,暗水蝎,,lanxie,20,27,47,13,8,1:1;2:1;4001:1,RT_Insect,cw_shuxing7,6,1,9,,,0,0,,,20,20,20,20,20,PE_None
50060,189,asd(),1,1,1,BIT_Bag,炼狱魔蝎,炼狱魔蝎,,hongxie,19,28,42,19,7,1:1;4005:1,RT_Insect,cw_shuxing7,6,9,,,1,0,0,,,20,20,20,20,20,PE_None
50061,191,asd(),1,1,1,BIT_Bag,沙漠蝎,沙漠蝎,,huangxie,20,30,43,12,10,1:1;2:1;4012:4,RT_Insect,cw_shuxing7,6,,,9,1,0,0,,,20,20,20,20,20,PE_None
50062,190,asd(),1,1,1,BIT_Bag,致命魔蝎,致命魔蝎,,shashouxie,30,29,38,11,7,1:1;2:1,RT_Insect,cw_shuxing7,6,,1,9,,0,0,,,20,20,20,20,20,PE_None
50063,179,asd(),1,1,1,BIT_Bag,杀人蜂,杀人蜂,,sharenfeng,12,37,12,37,12,1:1;2:1,RT_Insect,cw_shuxing7,6,,,5,5,0,0,,,20,20,20,20,20,PE_None
50064,178,asd(),1,1,1,BIT_Bag,毒蜂,毒蜂,,yixingfeng,14,33,11,35,17,1:1;2:1;4009:1,RT_Insect,cw_shuxing7,6,5,,,5,0,0,,,20,20,20,20,20,PE_None
50065,177,asd(),1,1,1,BIT_Bag,虎头蜂,虎头蜂,,hutoufeng,13,40,8,38,11,1:1;2:1;4017:1,RT_Insect,cw_shuxing7,6,,,7,3,0,0,,,20,20,20,20,20,PE_None
50066,176,asd(),1,1,1,BIT_Bag,黄蜂,黄蜂,,huangfeng,10,38,13,43,6,1:1;2:1;4012:4,RT_Insect,cw_shuxing7,6,7,,,3,0,0,,,20,20,20,20,20,PE_None
50067,11,asd(),1,1,1,BIT_Bag,亡者兵蜂,亡者兵蜂,,siwangfeng,7,39,15,41,8,1:1;2:1;4028:4,RT_Insect,cw_shuxing7,6,3,7,,,0,0,,,20,20,20,20,20,PE_None
50068,233,asd(),1,1,1,BIT_Bag,螳螂,螳螂,,tanglang,16,44,22,27,11,1:1;2:1;4019:3,RT_Insect,cw_shuxing7,6,,,6,4,0,0,,,20,20,20,20,20,PE_None
50069,234,asd(),1,1,1,BIT_Bag,杀手螳螂,杀手螳螂,,sharentanglang,12,45,20,26,17,1:1;2:1;4031:3,RT_Insect,cw_shuxing7,6,6,4,,,0,0,,,20,20,20,20,20,PE_None
50070,235,asd(),1,1,1,BIT_Bag,血眼螳螂,血眼螳螂,,chimutanglang,14,44,19,29,14,1:1;2:1;4043:3,RT_Insect,cw_shuxing7,6,4,,,6,0,0,,,20,20,20,20,20,PE_None
50071,236,asd(),1,1,1,BIT_Bag,绝望螳螂,绝望螳螂,,sihuitanglang,15,40,17,33,15,1:1;2:1,RT_Insect,cw_shuxing7,6,5,5,,,0,0,,,20,20,20,20,20,PE_None
50072,237,asd(),1,1,1,BIT_Bag,夺命螳螂,夺命螳螂,,zhimingtanglang,20,43,18,27,12,1:1;2:1,RT_Insect,cw_shuxing7,6,,6,4,,0,0,,,20,20,20,20,20,PE_None
50073,157,asd(),1,1,1,BIT_Bag,土蜘蛛,土蜘蛛,,tuzhizhu,26,15,18,23,23,1:1;2:1;4019:3;4011:3,RT_Insect,cw_shuxing7,6,,,10,,0,0,,,20,20,20,20,20,PE_None
50074,56,asd(),1,1,1,BIT_Bag,水蜘蛛,水蜘蛛,,shuizhizhu,24,16,17,20,28,1:1;2:1;4089:1,RT_Insect,cw_shuxing7,6,,10,,,0,0,,,20,20,20,20,20,PE_None
50075,156,asd(),1,1,1,BIT_Bag,火蜘蛛,火蜘蛛,,huozhizhu,22,22,16,25,20,1:1;2:1;4001:1,RT_Insect,cw_shuxing7,6,10,,,,0,0,,,20,20,20,20,20,PE_None
50076,155,asd(),1,1,1,BIT_Bag,风蜘蛛,风蜘蛛,,fengzhizhu,25,28,15,19,18,1:1;2:1;4009:1,RT_Insect,cw_shuxing7,6,,,,10,0,0,,,20,20,20,20,20,PE_None
50077,5,asd(),1,1,1,BIT_Bag,树精,树精,,shujing,32,17,32,12,17,1:1;2:1;1081:6,RT_Plant,cw_shuxing3,6,6,4,,,0,0,,,20,20,20,20,20,PE_None
50078,95,asd(),1,1,1,BIT_Bag,亡魂树精,亡魂树精,,siwangshujing,28,20,37,9,16,1:1;2:1;4053:5,RT_Plant,cw_shuxing3,6,,4,6,,0,0,,,20,20,20,20,20,PE_None
50079,94,asd(),1,1,1,BIT_Bag,金木树精,金木树精,,huangjinshujing,38,22,28,10,17,1:1;2:1,RT_Plant,cw_shuxing3,6,,,4,6,0,0,,,20,20,20,20,20,PE_None
50080,96,asd(),1,1,1,BIT_Bag,无面者树精,无面者树精,,canbaishujing,29,16,28,17,20,1:1;2:1;4073:1,RT_Plant,cw_shuxing3,6,3,,,7,0,0,,,20,20,20,20,20,PE_None
50081,92,asd(),1,1,1,BIT_Bag,冰晶树妖,冰晶树妖,,binglengshujing,30,15,27,16,22,1:1;2:1;4057:1,RT_Plant,cw_shuxing3,6,3,7,,,0,0,,,20,20,20,20,20,PE_None
50082,93,asd(),1,1,1,BIT_Bag,荒野树精,荒野树精,,zhaozeshujing,31,14,29,15,21,1:1;2:1,RT_Plant,cw_shuxing3,6,,3,7,,0,0,,,20,20,20,20,20,PE_None
50083,15,asd(),1,1,1,BIT_Bag,妖草,妖草,,yaocao,26,11,16,16,36,1:1;2:1;4049:1,RT_Plant,cw_shuxing3,6,,2,8,,0,0,,,20,20,20,20,20,PE_None
50084,122,asd(),1,1,1,BIT_Bag,曼陀罗草,曼陀罗草,,mantuoluocao,25,13,14,15,38,1:1;2:1;4049:1;4073:1,RT_Plant,cw_shuxing3,6,,,5,5,0,0,,,20,20,20,20,20,PE_None
50085,121,asd(),1,1,1,BIT_Bag,死亡之花,死亡之花,,yaohua,27,12,12,19,35,1:1;2:1,RT_Plant,cw_shuxing3,6,5,,,5,0,0,,,20,20,20,20,20,PE_None
50086,120,asd(),1,1,1,BIT_Bag,人魔草,人魔草,,renmocao,22,17,11,14,41,1:1;2:1;4057:1,RT_Plant,cw_shuxing3,6,,,9,1,0,0,,,20,20,20,20,20,PE_None
50087,18,asd(),1,1,1,BIT_Bag,丛林臭臭花,丛林臭臭花,,lvsekouchougui,38,23,16,15,23,1:1;2:1;4011:3,RT_Plant,cw_shuxing3,6,,,9,1,0,0,,,20,20,20,20,20,PE_None
50088,88,asd(),1,1,1,BIT_Bag,沙漠臭臭花,沙漠臭臭花,,huangsekouchougui,37,27,18,11,22,1:1;2:1;4003:3,RT_Plant,cw_shuxing3,6,,,1,9,0,0,,,20,20,20,20,20,PE_None
50089,86,asd(),1,1,1,BIT_Bag,冰雪臭臭花,冰雪臭臭花,,lansekouchougui,35,25,15,18,27,1:1;2:1;4013:1,RT_Plant,cw_shuxing3,6,1,9,,,0,0,,,20,20,20,20,20,PE_None
50090,87,asd(),1,1,1,BIT_Bag,熔岩臭臭花,熔岩臭臭花,,hongsekouchougui,44,21,14,12,29,1:1;2:1,RT_Plant,cw_shuxing3,6,9,1,,,0,0,,,20,20,20,20,20,PE_None
50091,17,asd(),1,1,1,BIT_Bag,狂暴刺球,狂暴刺球,,fengbaoxianrenzhang,27,29,22,12,20,1:1;2:1;1041:6,RT_Plant,cw_shuxing3,6,,5,5,,0,0,,,20,20,20,20,20,PE_None
50092,100,asd(),1,1,1,BIT_Bag,功夫刺魔,功夫刺魔,,wushuxianrenzhang,24,32,27,10,17,1:1;2:1;4017:1,RT_Plant,cw_shuxing3,6,,5,5,,0,0,,,20,20,20,20,20,PE_None
50093,109,asd(),1,1,1,BIT_Bag,萌萌仙人掌,萌萌仙人掌,,tuerxianrenzhang,28,35,19,14,14,1:1;2:1;4025:1,RT_Plant,cw_shuxing3,6,5,,,5,0,0,,,20,20,20,20,20,PE_None
50094,110,asd(),1,1,1,BIT_Bag,土著仙人掌,土著仙人掌,,yindianxianrenzhang,26,36,24,9,15,1:1;2:1;4013:1,RT_Plant,cw_shuxing3,6,5,5,,,0,0,,,20,20,20,20,20,PE_None
50095,111,asd(),1,1,1,BIT_Bag,炽热魔芋,炽热魔芋,,huoyanwuzhe,19,38,18,15,25,1:1;2:1;2101:10;5502:1,RT_Plant,cw_shuxing3,6,8,2,,,0,0,,,20,20,20,20,20,PE_None
50096,4,asd(),1,1,1,BIT_Bag,史莱姆,史莱姆,,shilaimu,46,26,11,6,16,1:1;2:1;1091:5,RT_Extra,cw_shuxing9,6,,,9,1,0,0,,,20,20,20,20,20,PE_None
50097,89,asd(),1,1,1,BIT_Bag,液态史莱姆,液态史莱姆,,yetaishilaimu,49,24,15,5,12,1:1;2:1;4045:1,RT_Extra,cw_shuxing9,6,,9,1,,0,0,,,20,20,20,20,20,PE_None
50098,90,asd(),1,1,1,BIT_Bag,污染史莱姆,污染史莱姆,,guodongshilaimu,45,31,6,10,13,1:1;2:1,RT_Extra,cw_shuxing9,6,9,1,,,0,0,,,20,20,20,20,20,PE_None
50099,91,asd(),1,1,1,BIT_Bag,极地史莱姆,极地史莱姆,,budingshilaimu,40,25,12,8,20,1:1;2:1;4013:1,RT_Extra,cw_shuxing9,6,1,,,9,0,0,,,20,20,20,20,20,PE_None
50100,239,asd(),1,1,1,BIT_Bag,火精,火精,,huojing,25,25,25,25,25,1:1;2:1,RT_Extra,cw_shuxing9,6,10,,,,0,0,,,20,20,20,20,20,PE_None
50101,241,asd(),1,1,1,BIT_Bag,风精,风精,,fengjing,25,25,25,25,25,1:1;2:1;2071:5,RT_Extra,cw_shuxing9,6,,,,10,0,0,,,20,20,20,20,20,PE_None
50102,242,asd(),1,1,1,BIT_Bag,水精,水精,,shuijing,25,25,25,25,25,1:1;2:1;4085:5,RT_Extra,cw_shuxing9,6,,10,,,0,0,,,20,20,20,20,20,PE_None
50103,240,asd(),1,1,1,BIT_Bag,地精,地精,,dijing,25,25,25,25,25,1:1;2:1;1001:5,RT_Extra,cw_shuxing9,6,,,10,,0,0,,,20,20,20,20,20,PE_None
50104,115,asd(),1,1,1,BIT_Bag,小丑炸弹魔,小丑炸弹魔,,wanpizhadan,15,15,15,15,40,1:1;2:1;2061:5,RT_Metal,cw_shuxing8,6,,,8,2,0,0,,,20,20,20,20,20,PE_None
50105,116,asd(),1,1,1,BIT_Bag,偶像炸弹魔,偶像炸弹魔,,baobeizhadan,14,17,11,16,42,1:1;2:1;4059:3,RT_Metal,cw_shuxing8,6,2,8,,,0,0,,,20,20,20,20,20,PE_None
50106,117,asd(),1,1,1,BIT_Bag,炸弹魔王,炸弹魔王,,dazhadan,12,20,14,14,40,1:1;2:1;4065:1,RT_Metal,cw_shuxing8,6,8,,,2,0,0,,,20,20,20,20,20,PE_None
50107,118,asd(),1,1,1,BIT_Bag,深寒炸弹魔,深寒炸弹魔,,piaofuzhadan,16,14,14,17,39,1:1;2:1;4073:1,RT_Metal,cw_shuxing8,6,,,2,8,0,0,,,20,20,20,20,20,PE_None
50108,119,asd(),1,1,1,BIT_Bag,炸弹小子,炸弹小子,,wanzizhadan,17,17,7,17,47,1:1;2:1,RT_Metal,cw_shuxing8,6,,,5,5,0,0,,,20,20,20,20,20,PE_None
50109,25,asd(),1,2,1,BIT_Bag,幻影,幻影,,huanying,30,26,35,17,42,1:1;2:1;16017:2;16021:2;2041:7,RT_Undead,cw_shuxing4,6,10,,,,0,0,,,20,20,20,20,20,PE_None
50110,112,asd(),1,2,1,BIT_Bag,舞蹈之影,舞蹈之影,,xuanlvyingzi,24,28,22,49,27,1:1;2:1;16017:2;16021:2;2091:7,RT_Undead,cw_shuxing4,6,,10,,,0,0,,,20,20,20,20,20,PE_None
50111,113,asd(),1,2,1,BIT_Bag,暗影,暗影,,anying,25,23,33,23,46,1:1;2:1;16017:2;16021:2,RT_Undead,cw_shuxing4,6,,,,10,0,0,,,20,20,20,20,20,PE_None
50112,114,asd(),1,2,2,BIT_Bag,阴影,阴影,,yinying,38,44,22,22,24,1:1;2:1;4020:4;2051:4;2121:4,RT_Undead,cw_shuxing4,6,,,10,,0,0,,,20,20,20,20,20,PE_None
50113,137,asd(),1,1,1,BIT_Bag,亲卫刃使魔,亲卫刃使魔,,xuexingzhiren,9,39,34,14,24,1:1;2:1;4039:3,RT_Metal,cw_shuxing8,6,,1,9,,0,0,,,20,20,20,20,20,PE_None
50114,140,asd(),1,1,1,BIT_Bag,屠龙刃使魔,屠龙刃使魔,,shalongzhiren,17,37,41,11,19,1:1;2:1;4016:4,RT_Metal,cw_shuxing8,6,1,9,,,0,0,,,20,20,20,20,20,PE_None
50115,138,asd(),1,1,1,BIT_Bag,烈焰刃使魔,烈焰刃使魔,,huoyanzhiren,10,39,28,12,31,1:1;2:1;4028:4,RT_Metal,cw_shuxing8,6,9,,,1,0,0,,,20,20,20,20,20,PE_None
50116,139,asd(),1,1,1,BIT_Bag,黑暗刃使魔,黑暗刃使魔,,liefengzhiren,12,44,29,13,27,1:1;2:1;4073:1;4105:1,RT_Metal,cw_shuxing8,6,,,1,9,0,0,,,20,20,20,20,20,PE_None
50117,19,asd(),1,1,1,BIT_Bag,恐怖箱,恐怖箱,,xiarenxiang,11,26,26,11,31,1:1;2:1,RT_Metal,cw_shuxing8,6,2,,,8,0,0,,,20,20,20,20,20,PE_None
50118,22,asd(),1,1,1,BIT_Bag,兔耳恐怖箱,兔耳恐怖箱,,tuerxiarenxiang,9,24,23,16,33,1:1;2:1;1001:1,RT_Metal,cw_shuxing8,6,8,2,,,0,0,,,20,20,20,20,20,PE_None
50119,20,asd(),1,1,1,BIT_Bag,红魔恐怖箱,红魔恐怖箱,,hongmoxiarenxiang,12,32,27,12,27,1:1;2:1,RT_Metal,cw_shuxing8,6,5,5,,,0,0,,,20,20,20,20,20,PE_None
50120,20,asd(),1,1,1,BIT_Bag,蓝魔恐怖箱,蓝魔恐怖箱,,lanmoxiarenxiang,15,37,28,8,22,1:1;2:1;1001:1,RT_Metal,cw_shuxing8,6,,8,2,,0,0,,,20,20,20,20,20,PE_None
50121,21,asd(),1,1,1,BIT_Bag,绿蛙恐怖箱,绿蛙恐怖箱,,lvwaxiarenxiang,13,35,29,10,23,1:1;2:1,RT_Metal,cw_shuxing8,6,,,8,2,0,0,,,20,20,20,20,20,PE_None
50122,19,asd(),1,1,1,BIT_Bag,纯白恐怖箱,纯白恐怖箱,,chunbaixiarenxiang,9,24,29,11,37,1:1;2:1;4085:5,RT_Metal,cw_shuxing8,6,,,5,5,0,0,,,20,20,20,20,20,PE_None
50123,133,asd(),1,1,1,BIT_Bag,冰怪,冰怪,,bingguai,20,30,46,7,12,1:1;2:1,RT_Extra,cw_shuxing9,6,,10,,,0,0,,,20,20,20,20,20,PE_None
50124,135,asd(),1,1,1,BIT_Bag,石怪,石怪,,shiguai,15,38,43,6,13,1:1;2:1,RT_Extra,cw_shuxing9,6,,,10,,0,0,,,20,20,20,20,20,PE_None
50125,134,asd(),1,2,1,BIT_Bag,银怪,银怪,,yinguai,25,32,48,8,37,1:1;2:1;4047:3;16026:3;16005:2,RT_Extra,cw_shuxing9,6,10,,,,0,0,,,20,20,20,20,20,PE_None
50126,136,asd(),1,2,1,BIT_Bag,金怪,金怪,,jinguai,14,51,50,20,15,1:1;2:1;4011:3;16026:3;16005:2,RT_Extra,cw_shuxing9,6,,,,10,0,0,,,20,20,20,20,20,PE_None
50127,182,asd(),1,1,1,BIT_Bag,魔王蟹,魔王蟹,,emopangxie,16,32,35,11,11,1:1;2:1;4025:1,RT_Animal,cw_shuxing2,6,8,2,,,0,0,,,20,20,20,20,20,PE_None
50128,181,asd(),1,1,1,BIT_Bag,晶石蟹,晶石蟹,,shuijingpangxie,18,31,36,10,10,1:1;2:1;4015:3,RT_Animal,cw_shuxing2,6,2,8,,,0,0,,,20,20,20,20,20,PE_None
50129,32,asd(),1,1,1,BIT_Bag,大钳蟹,大钳蟹,,tiejianpangxie,14,34,37,12,8,1:1;2:1;4037:1,RT_Animal,cw_shuxing2,6,,,8,2,0,0,,,20,20,20,20,20,PE_None
50130,180,asd(),1,1,1,BIT_Bag,贵族蟹,贵族蟹,,huangjinpangxie,22,30,34,7,12,1:1;2:1;4127:3,RT_Animal,cw_shuxing2,6,,,2,8,0,0,,,20,20,20,20,20,PE_None
50131,220,asd(),1,1,1,BIT_Bag,蜥蜴人战士,蜥蜴人战士,,xiyizhanshi,22,32,32,12,12,1:1;2:1;2521:5,RT_Human,cw_shuxing1,6,,,7,3,0,0,,,20,20,20,20,20,PE_None
50132,223,asd(),1,1,1,BIT_Bag,蜥蜴人斗士,蜥蜴人斗士,,xiyidoushi,18,37,37,8,10,1:1;2:1;4027:3,RT_Human,cw_shuxing1,6,,7,3,,0,0,,,20,20,20,20,20,PE_None
50133,222,asd(),1,1,1,BIT_Bag,蜥蜴人武士,蜥蜴人武士,,xiyiwushi,20,31,30,15,14,1:1;2:1;1061:5,RT_Human,cw_shuxing1,6,7,3,,,0,0,,,20,20,20,20,20,PE_None
50134,99,asd(),1,1,1,BIT_Bag,猎豹蜥蜴,猎豹蜥蜴,,liebaoxiyi,23,36,28,10,13,1:1;2:1,RT_Animal,cw_shuxing2,6,3,,,7,0,0,,,20,20,20,20,20,PE_None
50135,216,asd(),1,1,1,BIT_Bag,大地翼龙,大地翼龙,,dadiyilong,29,28,32,20,11,1:1;2:1,RT_Dragon,cw_shuxing5,6,,,10,,0,0,,,20,20,20,20,20,PE_None
50136,217,asd(),1,1,1,BIT_Bag,寒冰翼龙,寒冰翼龙,,hanbingyilong,30,30,31,17,12,1:1;2:1;1001:6,RT_Dragon,cw_shuxing5,6,,10,,,0,0,,,20,20,20,20,20,PE_None
50137,215,asd(),1,1,1,BIT_Bag,火焰翼龙,火焰翼龙,,huoyanyilong,33,33,25,16,13,1:1;2:1;1051:6,RT_Dragon,cw_shuxing5,6,10,,,,0,0,,,20,20,20,20,20,PE_None
50138,218,asd(),1,1,1,BIT_Bag,烈风翼龙,烈风翼龙,,liefengyilong,32,30,23,20,15,1:1;2:1;1011:5,RT_Dragon,cw_shuxing5,6,,,,10,0,0,,,20,20,20,20,20,PE_None
50139,219,asd(),1,1,1,BIT_Bag,银色翼龙,银色翼龙,,yinseyilong,32,30,26,19,18,1:1;2:1,RT_Dragon,cw_shuxing5,6,5,5,,,0,0,,,20,20,20,20,20,PE_None
50140,98,asd(),1,1,1,BIT_Bag,地龙蜥,地龙蜥,,dilongxi,29,34,34,15,8,1:1;2:1;4037:1,RT_Animal,cw_shuxing2,6,,2,8,,0,0,,,20,20,20,20,20,PE_None
50141,97,asd(),1,1,1,BIT_Bag,水龙蜥,水龙蜥,,shuilongxi,36,38,34,11,6,1:1;2:1;4005:1,RT_Animal,cw_shuxing2,6,2,8,,,0,0,,,20,20,20,20,20,PE_None
50142,26,asd(),1,1,1,BIT_Bag,火龙蜥,火龙蜥,,huolongxi,32,37,37,12,7,1:1;2:1;4031:3,RT_Animal,cw_shuxing2,6,8,,,2,0,0,,,20,20,20,20,20,PE_None
50143,99,asd(),1,1,1,BIT_Bag,风龙蜥,风龙蜥,,fenglongxi,35,35,31,10,9,1:1;2:1;4045:1,RT_Animal,cw_shuxing2,6,,,2,8,0,0,,,20,20,20,20,20,PE_None
50144,264,asd(),1,1,1,BIT_Bag,哥布林,哥布林,,gebulin,27,27,27,17,7,1:1;2:1,RT_Human,cw_shuxing1,6,,3,7,,0,0,,,20,20,20,20,20,PE_None
50145,265,asd(),1,1,1,BIT_Bag,红帽子,红帽子,,hongmaogebulin,23,30,29,20,5,1:1;2:1,RT_Human,cw_shuxing1,6,3,7,,,0,0,,,20,20,20,20,20,PE_None
50146,266,asd(),1,1,1,BIT_Bag,灼炎族地精,灼炎族地精,,huoyangebulin,22,28,26,15,14,1:1;2:1,RT_Human,cw_shuxing1,6,7,,,3,0,0,,,20,20,20,20,20,PE_None
50147,267,asd(),1,1,1,BIT_Bag,狂飙族地精,狂飙族地精,,liefenggebulin,30,26,24,23,4,1:1;2:1,RT_Human,cw_shuxing1,6,,,3,7,0,0,,,20,20,20,20,20,PE_None
50148,61,asd(),1,1,1,BIT_Bag,巨人,巨人,,juren,38,35,24,9,14,1:1;2:1;2291:4;2071:7;2251:4,RT_Human,cw_shuxing1,6,,,10,,0,0,,,20,20,20,20,20,PE_None
50149,83,asd(),1,1,1,BIT_Bag,单眼巨人,单眼巨人,,danyanjuren,34,34,20,12,20,1:1;2:1,RT_Human,cw_shuxing1,6,,10,,,0,0,,,20,20,20,20,20,PE_None
50150,85,asd(),1,1,1,BIT_Bag,泰坦巨人,泰坦巨人,,taitanjuren,39,30,28,8,15,1:1;2:1;4135:3;1091:6;1021:6,RT_Human,cw_shuxing1,6,,,,10,0,0,,,20,20,20,20,20,PE_None
50151,84,asd(),1,1,1,BIT_Bag,巨神魔,巨神魔,,yatelasijushen,37,37,17,17,12,1:1;2:1;4115:3,RT_Human,cw_shuxing1,6,10,,,,0,0,,,20,20,20,20,20,PE_None
50152,42,asd(),1,1,1,BIT_Bag,盗贼,盗贼,,daozei,23,28,21,31,12,1:1;2:1;1001:5,RT_Human,cw_shuxing1,6,5,,,5,0,0,,,20,20,20,20,20,PE_None
50153,163,asd(),1,1,1,BIT_Bag,山贼,山贼,,shanzei,28,27,24,26,10,1:1;2:1;1062:6,RT_Human,cw_shuxing1,6,,,5,5,0,0,,,20,20,20,20,20,PE_None
50154,164,asd(),1,1,1,BIT_Bag,海贼,海贼,,haizei,19,31,23,28,14,1:1;2:1;4029:1,RT_Human,cw_shuxing1,6,5,5,,,0,0,,,20,20,20,20,20,PE_None
50155,6,asd(),1,1,1,BIT_Bag,熊猫团,熊猫团,,xiyituan,27,26,30,24,8,1:1;2:1;1091:6,RT_Animal,cw_shuxing2,6,,5,5,,0,0,,,20,20,20,20,20,PE_None
50156,50,asd(),1,1,1,BIT_Bag,鸟人,鸟人,,niaoren,17,17,17,37,22,1:1;2:1,RT_Fly,cw_shuxing6,6,,,9,1,0,0,,,20,20,20,20,20,PE_None
50157,167,asd(),1,1,1,BIT_Bag,雪山幻魔,雪山幻魔,,huangeyao,15,18,20,38,19,1:1;2:1;2361:6,RT_Fly,cw_shuxing6,6,1,9,,,0,0,,,20,20,20,20,20,PE_None
50158,168,asd(),1,1,1,BIT_Bag,阴毒鸟人,阴毒鸟人,,henduniaoren,18,19,14,39,20,1:1;2:1,RT_Fly,cw_shuxing6,6,9,1,,,0,0,,,20,20,20,20,20,PE_None
50159,169,asd(),1,1,1,BIT_Bag,狂风鸟人,狂风鸟人,,liefengniaoren,13,20,12,42,23,1:1;2:1,RT_Fly,cw_shuxing6,6,1,,,9,0,0,,,20,20,20,20,20,PE_None
50160,166,asd(),1,1,1,BIT_Bag,黑暗鸟人,黑暗鸟人,,heianniaoren,19,11,11,43,31,1:1;2:1;4110:6,RT_Fly,cw_shuxing6,6,,,5,5,0,0,,,20,20,20,20,20,PE_None
60000,239,asd(),1,2,1,BIT_Use,逃跑的精怪,逃跑的精怪,,huojing,25,25,25,25,25,1:1;4008:4;2001:7;2011:7;2021:7;2031:7,RT_Extra,cw_shuxing9,6,10,,,,0,0,,,20,20,20,20,20,PE_None
60001,240,asd(),1,2,1,BIT_Use,逃跑的精怪,逃跑的精怪,,dijing,25,25,25,25,25,1:1;4020:4;2081:7;2091:7;2101:7;2111:7,RT_Extra,cw_shuxing9,6,,,10,,0,0,,,20,20,20,20,20,PE_None
60002,242,asd(),1,2,1,BIT_Use,逃跑的精怪,逃跑的精怪,,shuijing,25,25,25,25,25,1:1;4016:4;2271:7;2291:7,RT_Extra,cw_shuxing9,6,,10,,,0,0,,,20,20,20,20,20,PE_None
60003,355,asd(),1,2,1,BIT_Use,逃跑的精怪,逃跑的精怪,,heianniaoren,15,25,37,28,40,1:1;4020:4;2081:7;2091:7;2101:7;2111:7,RT_Extra,cw_shuxing9,10,8,,,2,0,0,,,20,20,20,20,20,PE_None
60004,353,asd(),1,2,1,BIT_Use,逃跑的精怪,逃跑的精怪,,heianniaoren,30,40,15,35,20,1:1;4016:4;2271:7;2291:7,RT_Extra,cw_shuxing9,10,8,2,,,0,0,,,20,20,20,20,20,PE_None
80001,43,asd(),1,2,1,BIT_Bag,风之守护兽,风之守护兽,,haizei,19,31,23,28,14,1:1;4028:4;5500:1,RT_Human,cw_shuxing1,6,5,5,,,0,0,,,20,20,20,20,20,PE_None
80002,325,asd(),1,2,1,BIT_Bag,火之守护兽,火之守护兽,,haizei,19,31,23,28,14,1:1;4028:4;5500:1,RT_Human,cw_shuxing1,6,5,5,,,0,0,,,20,20,20,20,20,PE_None
80003,299,asd(),1,2,1,BIT_Bag,水之守护兽,水之守护兽,,haizei,19,31,23,28,14,1:1;4028:4;5500:1,RT_Human,cw_shuxing1,6,5,5,,,0,0,,,20,20,20,20,20,PE_None
80004,323,asd(),1,2,1,BIT_Bag,地之守护兽,地之守护兽,,haizei,19,31,23,28,14,1:1;4028:4;5500:1,RT_Human,cw_shuxing1,6,5,5,,,0,0,,,20,20,20,20,20,PE_None
